drop database if exists ovp;
create database ovp;
use ovp;

drop table if exists users;
create table users (
	id serial primary key,
	firstname varchar(100),
	lastname varchar(100),
	email varchar(100) unique,
	phone varchar(12) unique,
	index users_phone_index(phone),
	index users_firstname_lastname_index(firstname, lastname)
);


INSERT INTO `users` VALUES ('1','Gwen','Williamson','tpollich@example.org','+85(0)500052'),
('2','Alia','Hane','rowena.hammes@example.org','979-228-0676'),
('3','Adam','Okuneva','okuneva.dexter@example.net','009.904.7997'),
('4','Lisandro','Hyatt','pamela.frami@example.org','592.596.7953'),
('5','Braeden','Smitham','kuhlman.arnold@example.net','1-470-490-67'),
('6','Rory','Runte','ejohnson@example.net','306.968.1051'),
('7','Amara','Runolfsdottir','teffertz@example.org','875-104-2691'),
('8','Richie','Cartwright','maye26@example.org','(246)265-844'),
('9','Jerome','Zemlak','eileen86@example.org','911.420.9012'),
('10','Bonita','Goodwin','runolfsdottir.elbert@example.com','1-051-838-66'),
('11','Elliot','Mitchell','vhickle@example.org','999-346-4048'),
('12','Lula','Reilly','demond.rogahn@example.com','+60(4)318789'),
('13','Lia','Dicki','louisa.corkery@example.com','116.148.5018'),
('14','Newell','Powlowski','eleanore67@example.com','1-466-175-59'),
('15','Ona','Powlowski','vita47@example.com','279.062.4424'),
('16','Herbert','Schamberger','zmueller@example.net','1-989-747-10'),
('17','Janet','Leffler','casper.alejandra@example.org','(574)857-756'),
('18','Sibyl','Reichert','sandra86@example.net','432-933-5206'),
('19','Lue','Armstrong','bechtelar.dedric@example.net','1-927-622-48'),
('20','Anne','Stehr','eduardo.ledner@example.org','169.535.1116'),
('21','Danika','Mayer','wwolff@example.com','(482)115-246'),
('22','Grant','Boyle','qschroeder@example.org','1-198-915-96'),
('23','Micheal','Bernier','julian.zieme@example.com','(726)547-989'),
('24','Berenice','Kozey','major.koelpin@example.net','1-239-772-83'),
('25','Arthur','Kling','arnold.crona@example.net','1-282-680-02'),
('26','Romaine','Kiehn','dubuque.abigayle@example.com','701-176-0759'),
('27','Lurline','Lang','kutch.jarvis@example.com','09152232081'),
('28','Hank','Pollich','conor.swaniawski@example.net','960-186-4239'),
('29','Tia','Tromp','bayer.david@example.net','+25(9)693093'),
('30','Anya','Schiller','akemmer@example.net','1-526-421-21'),
('31','Brody','Collier','alanna.bergstrom@example.net','(058)498-973'),
('32','Rory','Bergstrom','qweissnat@example.net','1-838-946-68'),
('33','Jena','Roob','fbauch@example.com','(919)419-083'),
('34','Rowland','Senger','jhartmann@example.net','786.891.1826'),
('35','Alverta','Waters','oberbrunner.evan@example.org','994-670-6686'),
('36','Antwan','Hegmann','ellis.senger@example.net','758-325-2861'),
('37','Sarai','Koepp','kchamplin@example.com','1-525-843-07'),
('38','Moises','Rodriguez','genevieve.wiegand@example.net','257-306-0865'),
('39','Korey','Lockman','ziemann.olin@example.com','07467013038'),
('40','Rolando','Wiegand','jude.bartell@example.net','173.552.8994'),
('41','Melany','Little','pagac.verona@example.net','553.048.8449'),
('42','Hailie','Goodwin','jocelyn.prosacco@example.com','(064)992-000'),
('43','Arch','Green','marie.weber@example.com','1-051-552-70'),
('44','Marcus','Trantow','yhodkiewicz@example.com','1-063-666-34'),
('45','Uriah','Runte','lang.meta@example.net','106.841.5524'),
('46','Elliott','Hessel','chad57@example.net','+20(9)927475'),
('47','Ewell','Hamill','fritsch.shanelle@example.net','09473328736'),
('48','Jeanie','Fadel','wilson08@example.net','1-270-297-09'),
('49','Agustina','Zboncak','ewald.abshire@example.net','394.949.9873'),
('50','Wilhelm','Altenwerth','dereck.langosh@example.net','982-758-4647'),
('51','Johnnie','Champlin','goodwin.isabell@example.org','030-020-9814'),
('52','Breanne','Dare','kaylee31@example.org','+19(0)440856'),
('53','Brett','Satterfield','amelia.koepp@example.com','472-494-7488'),
('54','Ona','Kris','cwill@example.net','092-765-1650'),
('55','Blair','Larkin','hcormier@example.com','665-781-3120'),
('56','Laurence','Friesen','theron.bechtelar@example.org','05575445732'),
('57','Christa','Huel','itrantow@example.net','(952)388-917'),
('58','Zoe','Herman','ahmed.gibson@example.com','(925)239-357'),
('59','Adolfo','Runolfsson','xkerluke@example.org','(913)353-653'),
('60','Keeley','Shields','matteo96@example.org','103.576.3508'),
('61','Jaycee','Fritsch','fhayes@example.com','1-467-517-89'),
('62','Crawford','Kemmer','waino.fay@example.net','1-338-775-30'),
('63','Belle','Schultz','kaylee68@example.com','1-799-278-00'),
('64','Mikayla','Bruen','dmayert@example.org','027-589-1713'),
('65','Shania','Kreiger','trevor91@example.org','534.715.5730'),
('66','Christina','Halvorson','dameon.bayer@example.com','(284)521-361'),
('67','Ervin','Crist','crippin@example.net','285.874.6842'),
('68','Justus','Adams','bradley.leannon@example.org','+79(2)288449'),
('69','Malvina','Gutkowski','bschmeler@example.org','978.871.5948'),
('70','Virginie','Hane','koss.keira@example.net','(723)603-364'),
('71','Shaina','Walter','erich14@example.org','194-588-0199'),
('72','Annalise','Wolf','denesik.iliana@example.org','1-495-671-68'),
('73','Sheila','Hagenes','robyn01@example.org','609.368.3059'),
('74','Alex','Lehner','katherine.gleichner@example.net','1-439-696-37'),
('75','Nola','Cremin','cshields@example.net','1-848-235-35'),
('76','Bernadine','Schowalter','king.wiley@example.org','1-626-554-05'),
('77','Rene','O\'Hara','rsenger@example.net','593.027.2625'),
('78','Fritz','Lockman','madonna.larkin@example.com','08483097404'),
('79','Peter','Kuhic','ciara51@example.com','1-045-999-44'),
('80','Emory','McKenzie','hbraun@example.org','+83(6)126311'),
('81','Katharina','Herman','igrimes@example.org','839.190.9101'),
('82','Cruz','Lebsack','monserrat.mayer@example.com','06746457565'),
('83','Agustin','Swaniawski','kenya96@example.com','057.111.8695'),
('84','Vida','Konopelski','julian.sauer@example.net','1-802-182-14'),
('85','Kenton','Dooley','alysson.auer@example.org','09013452986'),
('86','Greta','Cremin','robb.carter@example.org','(229)929-615'),
('87','Courtney','Moore','cremin.donnie@example.com','495.855.4043'),
('88','Jaunita','Veum','jayne65@example.net','(150)118-043'),
('89','Raphaelle','Champlin','hstoltenberg@example.com','(402)890-440'),
('90','Cleo','Conn','jairo.miller@example.org','(103)996-055'),
('91','Dena','Baumbach','aemmerich@example.net','1-751-366-67'),
('92','Alex','Paucek','evie.terry@example.net','04200778144'),
('93','Alena','Casper','oberbrunner.emerson@example.com','05615282879'),
('94','Emie','Schumm','valentine.gottlieb@example.net','1-480-655-04'),
('95','Juana','Skiles','christelle16@example.com','1-423-119-82'),
('96','Norwood','Flatley','schumm.anjali@example.com','1-862-945-28'),
('97','Arvid','Thiel','dolores.kutch@example.net','1-294-428-71'),
('98','Madge','Kuhlman','pabshire@example.net','141-141-0760'),
('99','Erin','Gutmann','xbogan@example.com','(898)949-704'),
('100','Carol','Swift','pamela42@example.com','603.107.6228'); 



drop table if exists channels;
create table channels (
	id serial primary key,
	name varchar(150) unique,
	description text,
	created_by_user_id bigint unsigned not null comment 'owner of channel',
	subscribers bigint unsigned comment 'number of subscribers',
	created_at datetime default now(),
	
	index channels_name_index(name),
	foreign key (created_by_user_id) references users(id)
);


INSERT INTO `channels` VALUES ('1','doloremque','Nihil eos itaque ea quidem assumenda voluptas.','1','477010','1977-10-31 01:59:21'),
('2','aperiam','Eum minus eaque ab ut consequatur.','2','5821337','2007-11-10 19:19:09'),
('3','est','Voluptatibus repellendus ut qui cum aut.','3','14451','1980-07-30 17:08:15'),
('4','enim','Aut earum dolorem quisquam.','4','977731','2013-04-03 20:33:21'),
('5','adipisci','Nisi ducimus consectetur consequatur nemo nisi id minus.','5','6898952','2014-09-15 19:22:55'),
('6','fuga','Ut dolorem impedit provident enim quis iusto nesciunt.','6','501999','1984-10-11 23:55:14'),
('7','porro','In omnis ex rerum perferendis velit tenetur.','7','363','1996-12-02 07:00:14'),
('8','doloribus','Vel voluptate exercitationem eum vero ut.','8','2','1979-10-03 01:36:57'),
('9','eaque','Veritatis modi quam est cupiditate.','9','97812','1985-10-18 22:44:48'),
('10','hic','Qui beatae quia et velit et.','10','169','2018-10-21 17:09:08'),
('11','placeat','Voluptas repellendus est nesciunt et voluptates.','11','9658','1987-06-13 04:37:51'),
('12','delectus','Quidem voluptatem amet aperiam incidunt ipsum ut consequatur explicabo.','12','1699','2018-11-10 06:36:58'),
('13','qui','Qui eum perspiciatis beatae quia quibusdam sit cumque recusandae.','13','510','2001-03-17 04:43:52'),
('14','aut','Iste rerum molestias tempore totam sint.','14','823330','1984-01-10 08:35:06'),
('15','sunt','Explicabo explicabo ut impedit explicabo.','15','39','2010-05-21 20:12:14'),
('16','quas','Iure officia ipsum natus vel asperiores numquam.','16','48615','1980-11-11 03:52:11'),
('17','ex','Itaque et repudiandae cupiditate alias.','17','85084381','2018-03-12 14:42:19'),
('18','voluptatum','Iusto aliquam omnis atque corrupti inventore quidem eligendi.','18','796646','1998-11-17 16:07:58'),
('19','beatae','Dolorum minus incidunt deserunt blanditiis nam dignissimos non.','19','9364','1970-06-21 01:56:05'),
('20','sit','Eos quasi adipisci qui molestiae.','20','8924','1976-06-22 19:24:59'),
('21','fugiat','Soluta sequi fugit tenetur quos debitis praesentium.','21','6','1994-07-12 15:05:49'),
('22','asperiores','Tempora voluptatum exercitationem vero qui veniam aut illo.','22','603155336','1997-04-11 19:59:34'),
('23','assumenda','Impedit ut ut et blanditiis.','23','468','1977-01-27 16:13:06'),
('24','et','Corrupti delectus ipsa at ullam voluptas et.','24','64741','2011-04-23 12:40:38'),
('25','consequuntur','Corrupti magni ipsa dolores consequatur quia quas itaque.','25','6','1987-05-26 15:01:22'),
('26','maxime','Quo debitis aspernatur voluptatem quisquam doloribus quaerat provident.','26','2794','1973-09-25 05:00:01'),
('27','perferendis','Quod enim placeat qui.','27','0','1993-10-19 14:46:47'),
('28','dignissimos','Veritatis facilis et repudiandae debitis.','28','7944','2016-10-13 00:49:39'),
('29','quam','Debitis necessitatibus ut officiis delectus excepturi.','29','854608','1998-02-27 04:18:58'),
('30','molestiae','Doloribus tempore ipsum ex unde.','30','6875','2015-10-11 06:05:36'),
('31','suscipit','Earum occaecati quod eos molestiae tempore veritatis.','31','0','2010-07-31 13:31:18'),
('32','nobis','Molestiae in in maxime aut qui beatae.','32','80','2011-06-18 17:36:23'),
('33','eligendi','Molestiae similique et voluptas tenetur voluptatem consequatur.','33','7210','1982-08-14 12:07:19'),
('34','omnis','Error mollitia non reiciendis est officiis ipsa.','34','523','1979-04-02 07:23:48'),
('35','libero','Odit qui facere in et ab voluptas.','35','6296','2011-01-21 04:20:11'),
('36','mollitia','Ut ut fugiat ut pariatur adipisci earum.','36','533552','1981-05-07 18:21:34'),
('37','officia','Magnam et mollitia vel et aut et.','37','4667','1977-02-05 14:04:37'),
('38','explicabo','Corporis voluptas recusandae explicabo ut.','38','1615141','1998-11-29 15:48:53'),
('39','quos','Dicta odit eaque nemo.','39','217523111','1994-10-20 03:40:44'),
('40','inventore','Qui non voluptate nulla nemo magnam laudantium.','40','63','2001-12-19 09:24:09'),
('41','natus','Omnis repellat laboriosam omnis libero vel.','41','0','1971-06-23 09:15:21'),
('42','quidem','Aut eius veritatis iusto explicabo.','42','1302477','2005-05-13 04:56:22'),
('43','culpa','Non optio nihil quia asperiores.','43','0','2019-03-19 00:59:43'),
('44','deleniti','Dolorem fuga et et quia.','44','1','1990-02-13 21:30:01'),
('45','soluta','Aut natus sint modi cum aut ab.','45','6','1972-06-19 02:43:47'),
('46','neque','Ut molestiae voluptatem voluptas consequatur enim reprehenderit ea.','46','57298','2005-07-13 16:02:12'),
('47','esse','Repudiandae error et facere eos aliquam ut.','47','0','1981-11-02 19:58:21'),
('48','excepturi','Nemo earum omnis animi nisi.','48','89','2005-03-11 11:34:02'),
('49','quia','Eum est eligendi quisquam porro.','49','6','1977-06-12 01:00:04'),
('50','magni','Corporis nihil rerum reiciendis itaque nesciunt.','50','60816','2018-11-21 15:12:15'),
('51','voluptatem','Magnam nisi impedit eum laboriosam et tenetur ab eum.','51','6348','1998-02-16 05:42:19'),
('52','nam','Est libero dolorum possimus dignissimos.','52','3','1990-06-08 03:47:17'),
('53','ut','Molestiae et delectus ab quod minima voluptates.','53','66','1993-06-28 18:16:05'),
('54','nemo','Sunt natus doloribus eius delectus.','54','7745','1995-11-19 18:23:48'),
('55','vero','Sed sequi dolorum sequi rerum.','55','305','1998-02-07 08:01:18'),
('56','rerum','Soluta vel omnis iste non reprehenderit velit ea eius.','56','88','2018-01-13 00:51:09'),
('57','quo','Commodi labore maiores est saepe quae.','57','71113853','2018-08-07 22:09:29'),
('58','nihil','Dignissimos velit et vel tempora sapiente voluptatem.','58','2399','2000-05-17 01:11:53'),
('59','id','Eos quia quisquam voluptates doloribus.','59','840','2009-04-03 05:09:02'),
('60','ea','Ratione sit sunt nisi et.','60','6270','2000-06-08 01:18:47'),
('61','facilis','Et tenetur sit tempore vitae molestiae et velit.','61','1624','1992-02-20 00:38:01'),
('62','dolores','Non perferendis saepe molestiae saepe omnis temporibus sapiente.','62','4784','2019-09-24 19:36:27'),
('63','veritatis','Vero voluptatum ut ut at aut debitis aliquid.','63','0','2001-08-08 07:41:34'),
('64','vel','Aut in magni culpa.','64','93036056','1971-12-07 21:08:51'),
('65','eum','Quam eum ipsum est corporis perferendis consequatur.','65','0','1976-05-29 07:46:48'),
('66','minima','Ut neque saepe consequatur aut.','66','27561036','1988-01-24 06:51:31'),
('67','ad','Eaque sed hic laudantium facere voluptatem recusandae.','67','0','2005-12-05 19:34:59'),
('68','commodi','Necessitatibus et sit aut officiis quia ullam sed.','68','3946','2019-03-19 03:27:30'),
('69','atque','Quia suscipit qui nihil qui rerum voluptates.','69','52','2005-10-20 01:58:45'),
('70','reiciendis','Accusamus consequuntur fuga asperiores quis.','70','93326','2000-05-15 03:42:46'),
('71','harum','Qui et possimus est animi.','71','311372924','1998-02-10 01:42:46'),
('72','ipsa','Modi dolorum adipisci enim ea et.','72','53120','1983-04-22 18:34:12'),
('73','aspernatur','Excepturi occaecati sint omnis et sit nulla.','73','8','2019-08-19 19:23:00'),
('74','at','Architecto ab est tenetur aut qui consectetur.','74','74965','1986-03-15 03:36:30'),
('75','laudantium','Corrupti enim quod unde a vel.','75','6747818','2016-02-10 09:29:29'),
('76','consequatur','Qui est eligendi recusandae eius a sit.','76','277192038','1982-09-27 15:34:18'),
('77','tempore','Quia voluptas sed porro commodi qui perspiciatis est.','77','544','1983-01-15 15:42:00'),
('78','maiores','Ipsa molestiae ea qui.','78','916159','2009-08-17 03:39:42'),
('79','voluptatibus','Optio rem nemo error.','79','51682','2010-12-29 09:15:31'),
('80','reprehenderit','Consequuntur rerum ipsam aut.','80','62688275','1978-02-07 20:42:43'),
('81','cum','Nobis quis dolorum dolore.','81','132','2005-11-07 16:46:44'),
('82','cumque','Quod ex sit vero dolore expedita enim.','82','51807','1991-11-03 09:57:16'),
('83','amet','Ipsa totam illum aut eius.','83','5','2018-04-21 06:48:32'),
('84','fugit','Quis et sed id voluptate dolores minima quidem.','84','2','1974-07-15 16:21:08'),
('85','iure','Quod laudantium corrupti sapiente fugit quo.','85','141562','1970-07-29 01:55:42'),
('86','tempora','Sed in voluptatem aut nulla esse.','86','52855','2008-03-18 21:11:45'),
('87','facere','Non sint fugit expedita in.','87','9608','1978-06-11 20:14:41'),
('88','illum','Illum et voluptas et sunt consequatur dolor dolorum.','88','923','1997-03-18 02:43:15'),
('89','blanditiis','Aliquam est quas quibusdam earum placeat.','89','338978','1987-10-28 01:09:15'),
('90','nisi','In voluptate aut omnis velit.','90','4253944','1975-04-07 18:36:40'),
('91','veniam','Quo consequatur autem tempora ipsum perferendis beatae consequuntur.','91','205754291','1984-10-29 09:34:31'),
('92','accusamus','Quam et et placeat.','92','85840','2015-09-12 17:12:34'),
('93','nesciunt','Delectus voluptas quaerat sint labore est cumque autem fugit.','93','63','2013-12-15 22:56:05'),
('94','unde','Aut inventore molestiae dolor hic rerum quis.','94','6397','1980-12-12 00:21:19'),
('95','dolor','Quia sunt ad sapiente.','95','14725','1988-06-15 21:33:49'),
('96','molestias','Tempore beatae voluptatibus sint dolorum ad ex necessitatibus et.','96','53459','2000-09-01 06:44:35'),
('97','possimus','Sed deserunt itaque repudiandae blanditiis et sed.','97','667','2008-12-16 17:20:38'),
('98','minus','Nobis dolorum omnis dolore hic.','98','5671427','2005-02-03 08:13:37'),
('99','quis','Commodi quo temporibus sed quae alias repellat sit voluptas.','99','82848','1991-12-14 00:51:41'),
('100','sint','Qui reiciendis ducimus incidunt est ipsum rerum.','100','387','2011-11-30 20:40:21'),
('101','impedit','Temporibus maxime quaerat quia nihil ea aliquid magni.','1','312','1999-03-12 23:42:04'),
('102','sed','Ipsam libero doloribus provident consectetur molestiae.','2','372766','1978-12-07 14:11:14'),
('103','vitae','Minima ut dolores aut molestiae quam occaecati ut eius.','3','45','1984-05-14 23:39:16'),
('104','dolorem','Consectetur nulla error quasi laboriosam qui quis commodi nesciunt.','4','0','1991-11-21 16:31:45'),
('105','quibusdam','Autem harum libero ratione et voluptatum.','5','0','2013-10-12 21:37:50'),
('106','debitis','In qui temporibus cupiditate delectus ex.','6','80','1999-11-11 06:14:36'),
('107','repellendus','Praesentium eligendi repudiandae ea repellendus occaecati et.','7','23','1991-05-06 16:01:04'),
('108','aliquid','Harum quisquam non doloremque ad eaque consequatur.','8','25804582','2002-10-12 10:40:34'),
('109','corrupti','Architecto quis voluptatem aliquam voluptas.','9','302664536','2008-08-25 10:01:40'),
('110','aliquam','Molestiae aperiam autem perspiciatis quae illum consectetur.','10','64893','2015-03-08 11:15:09'),
('111','in','Quibusdam aut mollitia exercitationem sed.','11','481087302','1993-01-05 16:23:42'),
('112','sequi','Enim nihil expedita eveniet qui maiores officia sint.','12','0','2007-09-13 03:14:40'),
('113','sapiente','Consectetur beatae repellendus ut quos aut ut nostrum.','13','7','2009-04-11 01:03:35'),
('114','occaecati','Adipisci accusamus est consequatur consequatur fugit.','14','0','1995-06-23 18:26:09'),
('115','praesentium','Blanditiis quibusdam sit esse quidem nam aliquam.','15','8509849','1981-10-03 16:29:14'),
('116','non','Asperiores eveniet perferendis fugit quia optio labore architecto.','16','6730','2011-02-20 21:59:43'),
('117','deserunt','Consequuntur ea repellendus esse aut unde repudiandae nobis.','17','502','1979-02-06 01:09:18'),
('118','laboriosam','Odio voluptatem explicabo soluta odit odit dolores.','18','0','2013-01-31 04:32:46'),
('119','odio','Rerum quia temporibus suscipit laborum ipsa voluptas aspernatur labore.','19','25733','1975-09-26 02:53:10'),
('120','expedita','Ut velit voluptas ea ratione nostrum est.','20','40139','1994-06-13 14:05:36'); 


drop table if exists users_subscriptions;
create table users_subscriptions (
	user_id bigint unsigned not null,
	channel_id bigint unsigned not null,
	
	primary key (user_id, channel_id),
	foreign key (user_id) references users(id),
	foreign key (channel_id) references channels(id)
);


INSERT INTO `users_subscriptions` VALUES ('1','1'),
('1','21'),
('1','41'),
('1','61'),
('1','81'),
('1','101'),
('2','2'),
('2','22'),
('2','42'),
('2','62'),
('2','82'),
('2','102'),
('3','3'),
('3','23'),
('3','43'),
('3','63'),
('3','83'),
('3','103'),
('4','4'),
('4','24'),
('4','44'),
('4','64'),
('4','84'),
('4','104'),
('5','5'),
('5','25'),
('5','45'),
('5','65'),
('5','85'),
('5','105'),
('6','6'),
('6','26'),
('6','46'),
('6','66'),
('6','86'),
('6','106'),
('7','7'),
('7','27'),
('7','47'),
('7','67'),
('7','87'),
('7','107'),
('8','8'),
('8','28'),
('8','48'),
('8','68'),
('8','88'),
('8','108'),
('9','9'),
('9','29'),
('9','49'),
('9','69'),
('9','89'),
('9','109'),
('10','10'),
('10','30'),
('10','50'),
('10','70'),
('10','90'),
('10','110'),
('11','11'),
('11','31'),
('11','51'),
('11','71'),
('11','91'),
('11','111'),
('12','12'),
('12','32'),
('12','52'),
('12','72'),
('12','92'),
('12','112'),
('13','13'),
('13','33'),
('13','53'),
('13','73'),
('13','93'),
('13','113'),
('14','14'),
('14','34'),
('14','54'),
('14','74'),
('14','94'),
('14','114'),
('15','15'),
('15','35'),
('15','55'),
('15','75'),
('15','95'),
('15','115'),
('16','16'),
('16','36'),
('16','56'),
('16','76'),
('16','96'),
('16','116'),
('17','17'),
('17','37'),
('17','57'),
('17','77'),
('17','97'),
('17','117'),
('18','18'),
('18','38'),
('18','58'),
('18','78'),
('18','98'),
('18','118'),
('19','19'),
('19','39'),
('19','59'),
('19','79'),
('19','99'),
('19','119'),
('20','20'),
('20','40'),
('20','60'),
('20','80'),
('20','100'),
('20','120'),
('21','1'),
('21','21'),
('21','41'),
('21','61'),
('21','81'),
('21','101'),
('22','2'),
('22','22'),
('22','42'),
('22','62'),
('22','82'),
('22','102'),
('23','3'),
('23','23'),
('23','43'),
('23','63'),
('23','83'),
('23','103'),
('24','4'),
('24','24'),
('24','44'),
('24','64'),
('24','84'),
('24','104'),
('25','5'),
('25','25'),
('25','45'),
('25','65'),
('25','85'),
('25','105'),
('26','6'),
('26','26'),
('26','46'),
('26','66'),
('26','86'),
('26','106'),
('27','7'),
('27','27'),
('27','47'),
('27','67'),
('27','87'),
('27','107'),
('28','8'),
('28','28'),
('28','48'),
('28','68'),
('28','88'),
('28','108'),
('29','9'),
('29','29'),
('29','49'),
('29','69'),
('29','89'),
('29','109'),
('30','10'),
('30','30'),
('30','50'),
('30','70'),
('30','90'),
('30','110'),
('31','11'),
('31','31'),
('31','51'),
('31','71'),
('31','91'),
('31','111'),
('32','12'),
('32','32'),
('32','52'),
('32','72'),
('32','92'),
('32','112'),
('33','13'),
('33','33'),
('33','53'),
('33','73'),
('33','93'),
('33','113'),
('34','14'),
('34','34'),
('34','54'),
('34','74'),
('34','94'),
('34','114'),
('35','15'),
('35','35'),
('35','55'),
('35','75'),
('35','95'),
('35','115'),
('36','16'),
('36','36'),
('36','56'),
('36','76'),
('36','96'),
('36','116'),
('37','17'),
('37','37'),
('37','57'),
('37','77'),
('37','97'),
('37','117'),
('38','18'),
('38','38'),
('38','58'),
('38','78'),
('38','98'),
('38','118'),
('39','19'),
('39','39'),
('39','59'),
('39','79'),
('39','99'),
('39','119'),
('40','20'),
('40','40'),
('40','60'),
('40','80'),
('40','100'),
('40','120'),
('41','1'),
('41','21'),
('41','41'),
('41','61'),
('41','81'),
('41','101'),
('42','2'),
('42','22'),
('42','42'),
('42','62'),
('42','82'),
('42','102'),
('43','3'),
('43','23'),
('43','43'),
('43','63'),
('43','83'),
('43','103'),
('44','4'),
('44','24'),
('44','44'),
('44','64'),
('44','84'),
('44','104'),
('45','5'),
('45','25'),
('45','45'),
('45','65'),
('45','85'),
('45','105'),
('46','6'),
('46','26'),
('46','46'),
('46','66'),
('46','86'),
('46','106'),
('47','7'),
('47','27'),
('47','47'),
('47','67'),
('47','87'),
('47','107'),
('48','8'),
('48','28'),
('48','48'),
('48','68'),
('48','88'),
('48','108'),
('49','9'),
('49','29'),
('49','49'),
('49','69'),
('49','89'),
('49','109'),
('50','10'),
('50','30'),
('50','50'),
('50','70'),
('50','90'),
('50','110'),
('51','11'),
('51','31'),
('51','51'),
('51','71'),
('51','91'),
('51','111'),
('52','12'),
('52','32'),
('52','52'),
('52','72'),
('52','92'),
('52','112'),
('53','13'),
('53','33'),
('53','53'),
('53','73'),
('53','93'),
('53','113'),
('54','14'),
('54','34'),
('54','54'),
('54','74'),
('54','94'),
('54','114'),
('55','15'),
('55','35'),
('55','55'),
('55','75'),
('55','95'),
('55','115'),
('56','16'),
('56','36'),
('56','56'),
('56','76'),
('56','96'),
('56','116'),
('57','17'),
('57','37'),
('57','57'),
('57','77'),
('57','97'),
('57','117'),
('58','18'),
('58','38'),
('58','58'),
('58','78'),
('58','98'),
('58','118'),
('59','19'),
('59','39'),
('59','59'),
('59','79'),
('59','99'),
('59','119'),
('60','20'),
('60','40'),
('60','60'),
('60','80'),
('60','100'),
('60','120'),
('61','1'),
('61','21'),
('61','41'),
('61','61'),
('61','81'),
('61','101'),
('62','2'),
('62','22'),
('62','42'),
('62','62'),
('62','82'),
('62','102'),
('63','3'),
('63','23'),
('63','43'),
('63','63'),
('63','83'),
('63','103'),
('64','4'),
('64','24'),
('64','44'),
('64','64'),
('64','84'),
('64','104'),
('65','5'),
('65','25'),
('65','45'),
('65','65'),
('65','85'),
('65','105'),
('66','6'),
('66','26'),
('66','46'),
('66','66'),
('66','86'),
('66','106'),
('67','7'),
('67','27'),
('67','47'),
('67','67'),
('67','87'),
('67','107'),
('68','8'),
('68','28'),
('68','48'),
('68','68'),
('68','88'),
('68','108'),
('69','9'),
('69','29'),
('69','49'),
('69','69'),
('69','89'),
('69','109'),
('70','10'),
('70','30'),
('70','50'),
('70','70'),
('70','90'),
('70','110'),
('71','11'),
('71','31'),
('71','51'),
('71','71'),
('71','91'),
('71','111'),
('72','12'),
('72','32'),
('72','52'),
('72','72'),
('72','92'),
('72','112'),
('73','13'),
('73','33'),
('73','53'),
('73','73'),
('73','93'),
('73','113'),
('74','14'),
('74','34'),
('74','54'),
('74','74'),
('74','94'),
('74','114'),
('75','15'),
('75','35'),
('75','55'),
('75','75'),
('75','95'),
('75','115'),
('76','16'),
('76','36'),
('76','56'),
('76','76'),
('76','96'),
('76','116'),
('77','17'),
('77','37'),
('77','57'),
('77','77'),
('77','97'),
('77','117'),
('78','18'),
('78','38'),
('78','58'),
('78','78'),
('78','98'),
('78','118'),
('79','19'),
('79','39'),
('79','59'),
('79','79'),
('79','99'),
('79','119'),
('80','20'),
('80','40'),
('80','60'),
('80','80'),
('80','100'),
('80','120'),
('81','1'),
('81','21'),
('81','41'),
('81','61'),
('81','81'),
('81','101'),
('82','2'),
('82','22'),
('82','42'),
('82','62'),
('82','82'),
('82','102'),
('83','3'),
('83','23'),
('83','43'),
('83','63'),
('83','83'),
('83','103'),
('84','4'),
('84','24'),
('84','44'),
('84','64'),
('84','84'),
('84','104'),
('85','5'),
('85','25'),
('85','45'),
('85','65'),
('85','85'),
('85','105'),
('86','6'),
('86','26'),
('86','46'),
('86','66'),
('86','86'),
('86','106'),
('87','7'),
('87','27'),
('87','47'),
('87','67'),
('87','87'),
('87','107'),
('88','8'),
('88','28'),
('88','48'),
('88','68'),
('88','88'),
('88','108'),
('89','9'),
('89','29'),
('89','49'),
('89','69'),
('89','89'),
('89','109'),
('90','10'),
('90','30'),
('90','50'),
('90','70'),
('90','90'),
('90','110'),
('91','11'),
('91','31'),
('91','51'),
('91','71'),
('91','91'),
('91','111'),
('92','12'),
('92','32'),
('92','52'),
('92','72'),
('92','92'),
('92','112'),
('93','13'),
('93','33'),
('93','53'),
('93','73'),
('93','93'),
('93','113'),
('94','14'),
('94','34'),
('94','54'),
('94','74'),
('94','94'),
('94','114'),
('95','15'),
('95','35'),
('95','55'),
('95','75'),
('95','95'),
('95','115'),
('96','16'),
('96','36'),
('96','56'),
('96','76'),
('96','96'),
('96','116'),
('97','17'),
('97','37'),
('97','57'),
('97','77'),
('97','97'),
('97','117'),
('98','18'),
('98','38'),
('98','58'),
('98','78'),
('98','98'),
('98','118'),
('99','19'),
('99','39'),
('99','59'),
('99','79'),
('99','99'),
('99','119'),
('100','20'),
('100','40'),
('100','60'),
('100','80'),
('100','100'),
('100','120'); 


drop table if exists media_types;
create table media_types (
	id serial primary key,
	name varchar(255) unique
);


INSERT INTO `media_types` VALUES ('2','Photo'),
('1','Video'); 


drop table if exists categories;
create table categories (
	id serial primary key,
	name varchar(100) unique
);


INSERT INTO `categories` VALUES ('2','Photography'),
('9','Music'),
('5','Gaming'),
('1','Children'),
('3','News'),
('4','Politics'),
('10','Movies'),
('8','Fashion'),
('7','Business'),
('6','Tourism'); 

drop table if exists languages;
create table languages (
	id serial primary key,
	name varchar(150)
);


INSERT INTO `languages` VALUES ('1','de'),
('2','pt'),
('3','it'),
('4','ru'),
('5','cn'),
('6','en'),
('7','es'),
('8','fr'); 


drop table if exists media;
create table media (
	id serial primary key,
	media_type_id bigint unsigned not null,
	channel_id bigint unsigned not null,
	name varchar(255) comment 'video title',
	description text comment 'video description',
	filename varchar(255),
	size int,
	language_id bigint unsigned not null,
	created_at datetime default now(),
	
	index (channel_id),
	foreign key (channel_id) references channels(id),
	foreign key (media_type_id) references media_types(id),
	foreign key (language_id) references languages(id)
);


INSERT INTO `media` VALUES ('1','1','1','fuga','Quibusdam repudiandae omnis velit atque ratione. Repellendus rerum reprehenderit quia reprehenderit voluptas dicta sunt. Omnis sed commodi qui omnis non aut. Inventore nulla iste vel sapiente quasi error repellat.','odt','0','1','1998-02-11 00:19:59'),
('2','2','2','ut','Et omnis unde optio assumenda nihil delectus assumenda. Vitae nostrum soluta earum. Eius ad error molestiae quia temporibus enim. Quas quam laborum aut modi voluptas dolore fuga. Veritatis beatae voluptas ut non.','swf','52','2','1999-05-03 15:27:04'),
('3','1','3','voluptas','Voluptas asperiores consequatur quibusdam libero et. Eaque enim et soluta perspiciatis incidunt tempora doloremque. Totam facilis nemo quibusdam maiores.','tga','0','3','2017-08-14 04:46:13'),
('4','2','4','voluptate','Modi consectetur libero voluptatem quo sequi. Quia laboriosam aliquid iusto.','rlc','706610','4','2001-04-04 16:02:32'),
('5','1','5','ea','Id quaerat provident et labore quidem deleniti veniam. Molestias sit officiis harum libero. Nemo sit cum in aut architecto.','wmv','0','5','1978-07-09 07:28:00'),
('6','2','6','aut','Quisquam ad rerum id quia consequatur animi ut. Est dolor voluptatem aut. Facilis hic quia debitis magni necessitatibus omnis sed. Fugiat necessitatibus neque dicta nihil quisquam perferendis.','m3u','1','6','1974-08-21 13:16:14'),
('7','1','7','sed','Voluptatibus quo et placeat sequi qui voluptatem. Voluptas dolor incidunt praesentium vitae iste aut reprehenderit quia. Repellendus commodi dolor iste sed dignissimos quibusdam. Numquam eaque optio debitis quasi est quae. Ea accusamus velit expedita.','sfv','4297131','7','2012-11-03 14:29:11'),
('8','2','8','debitis','Saepe voluptatem corporis dolorem enim ullam quia aut. Inventore numquam voluptas iure et et libero. Necessitatibus eius culpa nemo rerum.','fe_launch','88189846','8','2017-11-09 06:42:30'),
('9','1','9','sequi','Et pariatur quibusdam vel necessitatibus sunt enim id id. Ea impedit quas laborum provident. Voluptatem magni odit et architecto. Inventore est cupiditate qui ullam quod deserunt id. Sed quod explicabo ipsum.','ogg','4457902','1','1984-08-18 11:14:45'),
('10','2','10','consequatur','Voluptate ut voluptas illo fugiat est sequi. Reprehenderit possimus et praesentium sint totam voluptas qui recusandae. Ducimus molestias non et est ut. Rerum sed culpa ea aut expedita ea.','odi','2','2','1980-03-31 14:58:17'),
('11','1','11','minus','Vero minima facilis unde sed. Tempora ut distinctio nesciunt laudantium ut sit laborum. A corporis rerum voluptas nostrum repudiandae quia et et.','html','901','3','1979-09-26 03:05:50'),
('12','2','12','rem','Iste totam fugiat incidunt quam consectetur. Dolorum nisi quia repellat vero sed totam tempora. Minus nisi minima libero consectetur facilis alias aliquid ut.','flx','880268','4','2008-04-21 07:58:37'),
('13','1','13','voluptas','Sit vel dolore tenetur nihil sit necessitatibus id. Ad et delectus cupiditate provident odit. A aspernatur laborum officiis. Fugiat itaque est est ut omnis.','ods','8095941','5','2010-03-12 22:59:30'),
('14','2','14','laudantium','Non officia rem non eos. Dignissimos iusto labore quos sint. Dolor nostrum sunt et laboriosam ducimus qui.','kwd','407557','6','1998-06-19 07:14:51'),
('15','1','15','neque','Vel iure natus nobis voluptatem rerum non. Voluptate dolores exercitationem amet nisi est. Excepturi saepe a ratione reprehenderit.','arc','3078','7','1978-02-08 21:31:04'),
('16','2','16','laboriosam','Doloribus eos et laudantium facere quia ducimus dolore sunt. Qui eveniet eos ut. Nam enim sit officia est adipisci rem repudiandae.','ris','87','8','1983-08-12 12:35:25'),
('17','1','17','amet','Tempore atque quasi rem et sit eaque est. Nulla ducimus ipsam dolorem assumenda. Sit corporis atque et.','wml','852713835','1','1974-06-07 12:41:05'),
('18','2','18','vero','Rem cumque repellat voluptates temporibus nulla. Ducimus porro quibusdam illum commodi. Sunt consequatur nihil asperiores. Nobis est quia eaque aut quia quam.','odp','984947242','2','1972-11-12 15:44:05'),
('19','1','19','delectus','Nesciunt minima deserunt delectus consequatur et voluptatem. Rerum nisi incidunt consequatur. Nihil possimus dolor facilis.','pgn','7','3','1974-09-05 06:36:03'),
('20','2','20','cupiditate','Consequuntur necessitatibus quisquam aut. Voluptatibus et doloremque voluptate. Soluta vitae quo non eaque quisquam vel.','sldm','71957','4','2016-03-16 13:42:38'),
('21','1','21','explicabo','Amet nihil earum quo rerum ut facilis porro. Consequatur exercitationem maiores quibusdam voluptatem. Magnam adipisci porro reprehenderit repudiandae.','link66','66123','5','1982-09-11 13:25:11'),
('22','2','22','et','Aliquam aut velit officiis ullam praesentium consequatur et. Eos cumque magni totam sint ipsa. Et nemo quia cupiditate blanditiis neque. Quia cum quia odit excepturi.','fpx','2','6','2017-08-09 04:58:19'),
('23','1','23','ipsum','Qui labore est enim id ut consequuntur. Dignissimos ullam iusto numquam consequatur et qui earum quia. Maxime voluptas nisi ex sunt sint dolorem eum. Ut inventore mollitia mollitia culpa omnis. Perspiciatis beatae ut sed aliquam sed aspernatur quia sed.','ivp','764','7','1998-04-07 21:28:49'),
('24','2','24','sapiente','Ipsum aut commodi consequuntur accusamus. Molestiae asperiores provident iusto. Consequuntur nisi aspernatur et placeat. Unde ad autem odio aut excepturi et quo non.','potm','782427','8','2014-08-30 22:43:42'),
('25','1','25','aliquam','Qui natus ab distinctio et quas sed. Voluptate iusto doloribus et porro. Consequatur assumenda eius omnis aliquam unde possimus cupiditate. Et alias et et ducimus totam nihil.','lha','1','1','2013-02-16 23:56:23'),
('26','2','26','dolorum','Sunt impedit ab exercitationem est culpa. Tenetur distinctio at maiores culpa quibusdam. Tempore excepturi porro non adipisci voluptas ex odit.','icc','73821481','2','2012-08-10 22:23:38'),
('27','1','27','perspiciatis','Voluptatibus voluptas in quis neque ut facilis exercitationem. Ullam et voluptate enim. Repellat inventore ut et et est neque. Minima natus cumque vero totam libero.','dae','8','3','2013-09-11 17:20:43'),
('28','2','28','est','Voluptas commodi amet suscipit nostrum dolor sed voluptas voluptas. Reprehenderit ipsa nesciunt rerum omnis possimus perferendis est. Ea vero ad aut sapiente hic.','uvt','119195','4','1994-01-03 04:01:29'),
('29','1','29','et','Consequuntur nobis earum aperiam fugit. Excepturi exercitationem ea ut recusandae dicta dolor. Quam sed velit voluptatem sed velit voluptas dolorum. Quaerat velit ut aspernatur provident est maiores.','etx','1','5','1991-05-27 07:06:13'),
('30','2','30','magnam','Vero veniam est eius excepturi. Ut non quod cumque voluptatem temporibus aut. Qui mollitia modi quaerat cumque dolore excepturi eveniet.','otp','0','6','2019-01-10 05:44:54'),
('31','1','31','debitis','Ut et eum aspernatur quibusdam. Esse saepe modi qui at. Amet molestiae eos cupiditate inventore iusto. Consectetur consectetur ut id illum quos.','asc','5089','7','2010-09-28 05:58:32'),
('32','2','32','adipisci','Consequuntur est blanditiis expedita cum deleniti cum. Occaecati sit nostrum culpa id quia omnis. Blanditiis ipsum quidem ipsa officiis ut officia laborum.','text','66','8','1971-07-29 06:26:41'),
('33','1','33','nam','Ipsa rem ut ea dicta. Minus ipsum quod neque aperiam qui ab. Alias neque ut corrupti consequuntur cumque blanditiis. Quia ipsa aspernatur minima ut est ipsum.','xvm','23170557','1','2007-12-15 10:55:12'),
('34','2','34','eveniet','Ipsum quam deleniti et quia sit doloremque quo. Perferendis dolores deserunt vel reiciendis eveniet. Vel reprehenderit dolorem est. Qui illum voluptatem laborum velit voluptas qui.','flx','11621','2','2005-08-11 19:20:19'),
('35','1','35','inventore','Ab possimus vel voluptate quia. Amet ipsa voluptas qui quos et natus. Incidunt explicabo esse sint vitae inventore sunt. Sunt numquam animi quae rerum autem eveniet nostrum.','3g2','883','3','1984-01-30 02:25:38'),
('36','2','36','nulla','Explicabo suscipit quo officiis sit nobis autem. Provident eius iure doloremque ea numquam aut ipsa.','ez3','326','4','1998-04-22 10:17:35'),
('37','1','37','doloribus','Numquam quaerat tenetur ut ut est harum at. Ipsum id aliquam fuga deserunt ab qui adipisci. Dolorum architecto totam ab aliquam necessitatibus ut.','uoml','420959374','5','2002-08-29 12:01:12'),
('38','2','38','sed','Eius eum magnam nulla aliquam et illum veritatis. Et asperiores sequi voluptas dolor vel et quasi. Porro ducimus nam exercitationem illo facilis officia et. Esse a quam alias atque voluptas ab maxime.','jsonml','6612402','6','1988-07-06 19:47:24'),
('39','1','39','incidunt','Odit est dolorum veritatis natus sit maiores. Recusandae sunt et labore ut. Commodi cumque nisi praesentium molestias. Ipsa porro ipsa maiores veniam possimus aut.','clp','1','7','1994-12-19 06:27:48'),
('40','2','40','culpa','Autem consequatur hic est. Repellendus illo doloremque accusamus. Labore molestiae occaecati odio aliquam eligendi. Quia quia omnis quis qui.','aifc','0','8','1973-03-13 20:51:18'),
('41','1','41','doloremque','Eum sed atque repellendus soluta hic. Ad quasi sint doloribus qui dolores dolor corporis. Eveniet repudiandae qui libero velit. Doloribus dolorem omnis doloremque fugiat perspiciatis quia dolor sint.','mathml','689','1','1999-12-01 13:11:07'),
('42','2','42','dolores','Vel corporis rerum explicabo sequi soluta voluptatibus exercitationem. Est voluptas repellat provident ratione. Esse aliquid architecto cum error quas sit debitis. Eaque sit quo minima odio.','pnm','157','2','2001-05-21 16:11:04'),
('43','1','43','expedita','Non ab et magnam rerum natus voluptas qui rerum. Et debitis consequatur voluptas voluptate voluptatem qui omnis. Voluptatibus velit sit sequi non. Rerum natus sint est numquam. Voluptates voluptatem velit ut harum quidem.','mdi','712860','3','1976-07-19 21:26:45'),
('44','2','44','mollitia','Vitae velit voluptatem reprehenderit tempore. Nesciunt et sint aspernatur nesciunt. Dolor quia reiciendis odit totam recusandae.','mts','41957','4','1973-05-07 08:21:17'),
('45','1','45','officiis','Qui ullam dicta corporis est eum voluptatum. Iste dolor quibusdam quis fuga reprehenderit et ab magnam. Iste non possimus ut fuga assumenda et. Qui mollitia ratione facere consectetur.','wtb','651547','5','1974-06-27 22:40:50'),
('46','2','46','qui','Ea et omnis deleniti omnis id. Non vel quo ea id quis. Voluptas voluptatibus cupiditate est est aut laudantium. Voluptas fuga quaerat nesciunt hic suscipit.','wml','4770','6','2002-10-23 00:48:27'),
('47','1','47','explicabo','Sint quae saepe qui veniam sed omnis voluptatem. Sint eaque non sit et.','esf','0','7','1996-01-23 00:08:01'),
('48','2','48','possimus','Quidem veniam minus accusantium dolorem optio. Qui quasi et et occaecati magni. Et saepe ullam mollitia illo itaque consectetur. Voluptatum eos ex commodi veniam.','stf','122','8','2000-08-28 23:59:45'),
('49','1','49','voluptatem','Reiciendis esse tenetur commodi reprehenderit. Amet eligendi iusto odio hic. Id aliquid quas aut minus aut corporis aut enim. Excepturi in velit perferendis consequatur amet dolore.','vcd','1','1','1984-01-24 20:58:09'),
('50','2','50','iusto','Aut vel neque culpa. Itaque est veniam quo corrupti architecto consequatur. Nobis quibusdam quia est.','mime','169801','2','1987-04-01 08:23:01'),
('51','1','51','ea','Qui sunt est necessitatibus repellendus. Quos distinctio eos quidem excepturi voluptatibus quis. Quis alias et fugiat quis totam voluptatem autem. Dolorum saepe quae consequuntur similique similique eum reprehenderit. Fuga mollitia et laboriosam dolorum aut quas.','wmlsc','5','3','2018-11-24 07:58:23'),
('52','2','52','harum','Voluptatem illo dolor velit doloribus iste autem nesciunt. Rem velit qui et alias veniam ducimus rem. In aliquid sed dolore aut numquam. Eaque qui laudantium aut consectetur doloremque saepe omnis. Alias excepturi recusandae fugit magnam voluptatem.','dgc','527213449','4','1982-09-25 21:02:51'),
('53','1','53','quo','Aperiam eos et sed ut blanditiis ea. Molestiae omnis architecto eligendi vitae voluptas odio doloremque. Quo similique ut repudiandae similique autem quis.','snd','883820','5','1977-05-19 10:26:51'),
('54','2','54','explicabo','Repudiandae repellat id tenetur rerum. Rem magnam quia autem dolores velit iste molestias. Et et molestiae quaerat repudiandae id ipsam.','mxl','7','6','1975-06-25 11:01:43'),
('55','1','55','molestiae','Assumenda aut quae sint consequatur amet facilis. Est excepturi voluptatibus ex molestias aut soluta et. Porro non sit voluptatem dolor totam sed adipisci doloremque. Omnis voluptas vitae accusantium qui.','mxl','29','7','2016-05-26 16:39:11'),
('56','2','56','molestias','Ea similique culpa repudiandae iure quia unde non. Saepe voluptas iusto dolorem veritatis inventore. Aut enim esse voluptas.','nbp','2','8','1993-10-05 10:29:21'),
('57','1','57','sint','Autem soluta ipsum omnis iure nesciunt. Odio sed minima nisi nihil adipisci excepturi quasi. Modi exercitationem earum quis dolorem mollitia eius voluptas libero. Accusantium quasi pariatur repellat officiis nulla sed nulla.','semd','46785','1','2011-10-31 07:13:25'),
('58','2','58','nihil','Vero minus ut quaerat dignissimos et voluptas commodi minus. Et nam quis ea quam. Doloribus provident et dolore ut eos. Iure molestiae at facilis.','wmlsc','273','2','1976-05-29 07:40:07'),
('59','1','59','itaque','Est tenetur eius et quaerat culpa. Quia optio suscipit id et sed placeat. Omnis quia et fuga rerum quibusdam.','flv','9','3','1973-07-08 02:22:28'),
('60','2','60','qui','Quia sint fugit vitae sed rerum vel dolorem. Aliquid ea sit adipisci dolorem. Et voluptatem eos sequi enim odit ipsum assumenda.','svgz','8885','4','1982-01-04 23:52:27'),
('61','1','61','eum','Officia necessitatibus laudantium amet odio a totam aut. Odit similique non repellat voluptate. Ut distinctio libero non quo asperiores laboriosam non.','dot','8','5','2002-02-06 16:55:52'),
('62','2','62','qui','Soluta odit illo omnis eum ad. Unde dolores ipsam id. Rerum maxime explicabo est.','jpeg','3031','6','2003-11-29 17:54:53'),
('63','1','63','enim','Officiis delectus delectus qui dolorem. Ratione quaerat id tempora beatae asperiores. Deleniti ipsum et dolor cumque nesciunt ut. Nostrum corrupti nulla laboriosam quia.','air','367768975','7','1973-08-30 06:11:33'),
('64','2','64','vero','Consequuntur ut et eos pariatur dolorem adipisci a. Voluptatem aut distinctio illo alias dolor quod assumenda. Tempora dolorem qui itaque et quasi praesentium. Distinctio architecto rerum et officiis voluptatem fuga.','dd2','551','8','2005-03-20 14:14:32'),
('65','1','65','explicabo','Eum rem ipsum officiis suscipit sunt. Placeat quasi suscipit vel ut qui. Rerum consequatur repellendus nihil eligendi ad debitis. Similique exercitationem ex accusantium qui explicabo suscipit iusto.','prc','913038','1','1993-02-20 19:13:04'),
('66','2','66','quis','Omnis culpa quaerat est voluptas. Qui autem itaque voluptatem.','mpe','849','2','1988-07-29 09:16:49'),
('67','1','67','quaerat','Nisi quae saepe recusandae provident. Consequatur ut quasi sed sed esse nemo repellat. Ea nulla error rerum voluptatem illo. Fugiat earum qui id voluptatem error dolore.','scm','7','3','1990-06-24 22:11:13'),
('68','2','68','aut','Necessitatibus a voluptates nihil eum. Commodi ratione dolor rerum natus beatae. Fuga iure et fugiat nobis dicta hic dolore sit. Quidem blanditiis veniam laboriosam totam cum impedit. Incidunt consectetur rerum dolores ullam.','odc','4','4','1979-06-25 12:12:03'),
('69','1','69','voluptatibus','Natus beatae quos voluptatem inventore ab id. Quaerat cumque ut est pariatur corrupti labore. Aut numquam sit quos maiores tenetur.','mks','75','5','1997-10-09 12:11:19'),
('70','2','70','saepe','Eos porro et placeat eos qui. Nulla cum quam sint ipsa sunt. Labore laudantium repellat in placeat voluptatem. Ea culpa nemo tempore.','g3','76780578','6','2007-12-25 13:17:19'),
('71','1','71','placeat','Aut nisi porro corrupti. Incidunt porro eum vero laborum ducimus. Officia aperiam assumenda officia sit officiis. Eos non assumenda reprehenderit.','xlt','0','7','1980-02-01 20:22:14'),
('72','2','72','quae','Quo quis eos ducimus voluptas impedit. Perferendis neque cumque repudiandae nostrum. Quis omnis illum neque provident.','wsdl','307','8','1976-01-26 09:27:46'),
('73','1','73','porro','Et fuga et quod qui totam a. Sed consequatur at numquam nobis impedit omnis sapiente. Perspiciatis quia et cum odio praesentium. Suscipit autem voluptatem voluptates quia aliquid natus.','sv4cpio','50','1','1986-11-25 11:56:21'),
('74','2','74','vel','Suscipit ratione voluptates recusandae consectetur. Dignissimos corrupti enim amet. Autem distinctio recusandae maiores. Porro modi delectus quia ad enim temporibus ducimus. Inventore possimus officiis omnis commodi ut est iste sint.','mag','71813','2','1996-11-09 04:17:24'),
('75','1','75','quo','Nulla deserunt corporis nisi corporis laudantium facere vitae. Numquam nemo aut quod pariatur ea velit voluptas. Harum cumque quos cum sed deleniti dolores eum mollitia.','mdi','34965284','3','2014-11-21 04:30:18'),
('76','2','76','amet','Sunt doloremque qui eos doloribus optio non voluptatem. Corporis harum quaerat nihil ut qui et optio. Quam ipsa eius voluptatem.','flw','5016','4','1977-12-10 22:53:38'),
('77','1','77','amet','Temporibus consequatur quasi recusandae delectus ipsam aut esse quis. Omnis est eum occaecati blanditiis odit illo quis. Est sequi deserunt dignissimos nulla placeat eos voluptatum alias. Voluptas in sapiente beatae consequatur voluptatem vel.','tex','37','5','1970-11-06 13:47:50'),
('78','2','78','officiis','Illum fugit vel voluptatibus eos ut cum atque at. Laborum assumenda aliquid enim quam cupiditate cum.','jsonml','0','6','1977-01-01 23:40:49'),
('79','1','79','ab','Perspiciatis iusto tempora consectetur quos blanditiis voluptatibus nam. Esse earum et temporibus qui in minus. Sit sit et est.','pgm','110088699','7','2002-02-02 10:58:33'),
('80','2','80','aut','Neque error impedit et adipisci. Non consectetur nulla enim eveniet aut rerum consequatur. Nihil ea quae doloremque qui.','viv','42','8','1999-04-10 01:49:50'),
('81','1','81','et','Et et voluptas fuga repudiandae et ut. Necessitatibus est rerum provident. Est labore nisi nostrum distinctio.','xo','54849','1','1983-09-19 23:46:38'),
('82','2','82','eos','In qui repellendus magnam commodi consequatur est. Reiciendis nisi perferendis iste. Laudantium iure atque qui repellendus cum. Itaque sit aut perferendis officiis nulla nihil quia.','wmz','9672','2','1987-09-28 11:24:32'),
('83','1','83','error','Ut aspernatur impedit et ut ut eaque exercitationem. In atque blanditiis libero et molestiae provident vitae. Sunt et aut aut saepe. Recusandae aspernatur temporibus est voluptatem rerum incidunt veniam.','ufd','292474','3','2001-03-24 01:43:41'),
('84','2','84','itaque','Et non nesciunt sequi est corrupti minus est. Nostrum dolorum at vero ut itaque. Molestias et quia corrupti est. Et deserunt sint harum incidunt.','swa','40416725','4','2006-12-02 17:28:45'),
('85','1','85','sed','Eligendi quis magnam non facilis nobis fugit quia labore. Quia sapiente rem facere nisi qui quo.','stf','4317281','5','2008-03-11 10:02:53'),
('86','2','86','tempora','Animi unde sed quod nam. Voluptatem qui minima iusto atque. Et ex cupiditate qui maiores vel.','xdf','0','6','1995-04-13 08:43:45'),
('87','1','87','temporibus','Molestiae facilis ut qui distinctio quia. Doloremque quis itaque ut perferendis. Eius dolores maxime in unde vel.','tex','4652879','7','2007-07-13 02:35:23'),
('88','2','88','ipsum','Et similique et vero. Nostrum eius voluptates libero consequatur. Eum fugit deserunt illo omnis. Consectetur eaque excepturi sequi sit.','pic','59084','8','1978-06-08 04:52:50'),
('89','1','89','ut','Sed explicabo ad minus ut quia ex. Sit omnis et tenetur quidem vel ut numquam. Commodi occaecati labore et et at dolor. Omnis sit quia qui est quibusdam eum. Repellendus laudantium id ut.','rip','597344','1','2008-11-27 10:03:35'),
('90','2','90','inventore','Quidem reprehenderit quo numquam corrupti non ex porro voluptas. Iste earum accusamus et soluta dolor. Voluptatem aut similique dolore. Impedit quis est facere vitae hic.','dd2','6','2','2007-09-07 00:11:08'),
('91','1','91','iure','Quia consequatur vel atque beatae. Voluptatibus aut non ab vitae et vel. Officiis cum ipsa voluptatem quia.','csh','440','3','1988-01-20 20:48:42'),
('92','2','92','deleniti','Voluptatem modi odio repudiandae sint nihil quo. Omnis itaque inventore consequatur fugit numquam quia. Aut sit minus voluptatem repellat ab debitis facilis. Harum rerum nostrum ut repudiandae dolorum.','yang','0','4','2007-07-09 04:37:27'),
('93','1','93','corporis','Quia incidunt ratione suscipit. Reprehenderit omnis perspiciatis consequatur rerum veniam. Ea consectetur aut quaerat quidem voluptas enim explicabo. In omnis facilis ad distinctio iste aut. Dolorum accusantium recusandae ad fuga delectus ex.','xwd','80411120','5','1985-10-10 07:40:31'),
('94','2','94','quaerat','Quasi in tempora quasi veritatis ea laborum. Magni esse quia voluptatem. Dolores dicta aut sunt occaecati quas est.','dotm','0','6','2015-06-04 11:48:32'),
('95','1','95','autem','Qui aut nihil quisquam culpa. Molestias ea odit et delectus. Ut dolores provident eaque ut est ut. Ducimus pariatur ut dolor rerum.','wmlsc','4762','7','2005-12-03 12:13:47'),
('96','2','96','assumenda','Nihil qui laudantium et laboriosam odio consequatur laboriosam. Natus et non ut dolorum et placeat. Iure omnis molestiae exercitationem unde dignissimos dicta. Temporibus porro iure aut incidunt non molestiae.','uvvi','5666','8','1977-10-30 18:30:05'),
('97','1','97','enim','Est in nihil qui ad id voluptatem. Ullam et perspiciatis non aut ullam. Consequuntur in dolorem quis voluptas. Aliquam esse ut et soluta sit.','hdf','444099124','1','2016-04-22 07:37:22'),
('98','2','98','sit','Animi dolorem ad a. Eligendi similique ut qui quia architecto. Occaecati dolorem voluptatem et eligendi ipsa ut odit beatae.','rar','1832','2','2000-07-22 01:00:57'),
('99','1','99','qui','Tempora dolores id consequuntur sed odit ad. Iste error voluptate non est minima dolore non in. Fuga commodi optio veritatis quia repudiandae.','dotx','0','3','2006-06-25 21:40:45'),
('100','2','100','ut','Et earum laudantium et adipisci eligendi et. Reiciendis consequatur velit nesciunt porro nam. Odit dolorem totam in quia et deleniti.','ez2','0','4','1999-04-20 22:27:52'),
('101','1','101','blanditiis','Et pariatur id minus earum qui voluptatibus quia. Laboriosam deserunt impedit sed sapiente vitae. Quo dolor deserunt maiores placeat.','otc','9357014','5','2003-06-29 14:39:25'),
('102','2','102','eum','Corrupti quis et voluptatem eius et ullam. Consectetur odio ea soluta doloribus ut ducimus illo. Eum quia rerum exercitationem.','tex','211870411','6','1995-11-16 18:12:55'),
('103','1','103','libero','Et consectetur quos sequi sit eius. Libero ut voluptas ut error et temporibus repellendus. Excepturi nostrum dolorem earum aliquam occaecati ut vel.','twd','635759406','7','1992-06-29 15:42:14'),
('104','2','104','quasi','Sed inventore non quia quo cumque aut dolore. Voluptas reiciendis ducimus odit at odio ipsum eaque neque. Eveniet provident provident consequatur odio aut. Qui repellendus eum corporis ea voluptas molestias dolorem dolorem.','aif','0','8','1978-03-02 12:30:07'),
('105','1','105','non','Nisi quaerat omnis est aut odit. Molestias dolor quia et non repudiandae eligendi ea. Saepe et necessitatibus voluptas nesciunt repudiandae. Aperiam facilis harum sint consequuntur dolores. Minus et porro sapiente culpa.','xlam','747','1','2019-07-16 08:55:57'),
('106','2','106','tempora','Suscipit harum aut dolores tenetur. Aut error neque nobis vero culpa unde. Fuga hic voluptatibus ipsa eaque non id.','wbxml','5669676','2','2019-10-21 16:22:39'),
('107','1','107','quasi','Molestiae officia labore earum autem deserunt fuga. Rerum rem expedita vel ab non. Iure id eum sit possimus et quis consequuntur.','wmlc','6944724','3','2005-12-28 12:30:32'),
('108','2','108','quia','Est quo voluptas voluptatem voluptas ut. Commodi impedit necessitatibus et deserunt sequi. Ducimus sed voluptatibus excepturi delectus qui amet.','mng','514540130','4','2001-01-17 12:36:56'),
('109','1','109','ab','Sunt recusandae sed animi magni. Quia facilis aut magnam porro. Libero facilis enim beatae rerum modi pariatur. Omnis et debitis molestias voluptas in et excepturi.','btif','70554','5','1995-07-15 04:25:44'),
('110','2','110','iste','Et ullam voluptatem minus in aperiam pariatur nulla. Odio optio non illum veritatis aliquam odio nihil. Recusandae accusamus quia qui asperiores occaecati. Dolor officiis vitae deleniti qui recusandae sint quam.','ppsx','46116034','6','1988-04-02 02:59:42'),
('111','1','111','ab','Deleniti libero quaerat in deserunt est nesciunt voluptatum. Incidunt beatae porro voluptate eligendi voluptas pariatur. Sit numquam amet ut suscipit. Voluptatem dolores maiores soluta quaerat similique nulla.','sus','378','7','2000-08-30 04:57:30'),
('112','2','112','fugit','Et pariatur blanditiis incidunt modi assumenda modi exercitationem. Quae omnis aut sed voluptatem consequuntur. Atque vitae dolore quaerat placeat ut dignissimos. Tempore impedit ratione omnis corrupti.','omdoc','720283','8','1988-02-23 02:19:01'),
('113','1','113','qui','Molestiae voluptas veniam dolorem. Autem non laboriosam corrupti voluptatem modi labore officiis. Sunt alias fugit id harum velit debitis consectetur. Officiis eaque repudiandae distinctio esse enim officia et.','dwf','1','1','2017-11-21 03:33:59'),
('114','2','114','beatae','Possimus dolore quos et ipsum quasi. Et asperiores eaque temporibus architecto necessitatibus ad omnis. Est hic in voluptas.','lbd','9','2','2018-03-02 11:17:12'),
('115','1','115','nihil','Similique minima aut et rerum temporibus aliquid commodi placeat. Eligendi voluptas possimus et magnam. Omnis velit nostrum consequatur quis provident saepe quibusdam. In iusto qui sint veniam ducimus est.','ico','0','3','2012-05-14 19:55:26'),
('116','2','116','voluptatem','Aspernatur cum iste est id itaque numquam. Molestiae harum blanditiis ad voluptas rerum doloribus. Dolorum cupiditate perferendis in aliquam amet. Suscipit illum beatae quidem non voluptates ut.','sxd','6854875','4','1976-11-29 14:47:30'),
('117','1','117','et','Veniam voluptas soluta dolorem quas labore. Accusamus amet saepe ut laudantium. Facilis sunt provident voluptas quisquam voluptatem aut nisi.','vcx','49','5','1978-06-14 08:41:13'),
('118','2','118','in','Minus dolores earum id ea. Incidunt aut sunt optio dolor similique quam illum. Et aut sunt expedita.','dotx','740617504','6','1975-03-10 08:49:51'),
('119','1','119','ipsam','Quia culpa magnam odio et ducimus a. Magnam consectetur rerum quia qui sed eligendi dolor.','ksp','0','7','1985-08-28 00:01:24'),
('120','2','120','animi','Aspernatur veritatis odio quidem ut. Aut totam quo veniam nobis ducimus. Blanditiis dignissimos vitae enim. Possimus quia inventore rerum.','see','0','8','2006-12-28 20:42:02'),
('121','1','1','et','Non doloremque voluptatum tenetur quia. Quidem ut repudiandae qui natus voluptas illo. Minus quisquam veritatis adipisci animi architecto dolorem. At tempora commodi a placeat.','twds','94','1','1992-08-14 01:31:15'),
('122','2','2','autem','Illo sed voluptate facere ratione dolorem maiores ut. Nulla dolor officiis ut sapiente animi rem sint. Et labore eveniet ullam sapiente fugit quia harum.','tex','68821494','2','1995-06-26 19:59:16'),
('123','1','3','debitis','Totam in nulla fugit vel minus soluta. Nam eum voluptate quibusdam sequi. Qui nemo possimus non voluptas est aut voluptates.','clp','9646017','3','1987-01-06 23:11:21'),
('124','2','4','dolores','Amet ea ea est vel pariatur. Sit nam veritatis rerum omnis quis saepe. Placeat quia corporis minus provident sed laudantium corrupti.','xdm','2145','4','1971-08-19 18:36:52'),
('125','1','5','dolores','Omnis at voluptate tempore debitis a cupiditate. Necessitatibus explicabo blanditiis similique ipsam soluta. Sit odit quo facilis veritatis dolores totam sunt.','hlp','0','5','2015-09-18 23:51:07'),
('126','2','6','labore','Reiciendis totam et suscipit minima aut eius exercitationem. Fugit doloribus tempora autem corrupti rerum voluptas. Quo officia corporis modi accusantium.','xlsx','4614520','6','1983-02-01 07:02:31'),
('127','1','7','nam','Accusantium aliquid assumenda voluptatum autem quo libero blanditiis. Cumque delectus quibusdam nihil ea sit ut possimus voluptatem. Neque animi odit velit officia quidem voluptatibus.','wma','1087132','7','1974-04-06 22:58:52'),
('128','2','8','ullam','Sit totam exercitationem molestiae et est et est quisquam. Sequi et dicta accusamus velit totam at ex. Quaerat est quis nam illo velit rem.','xhtml','2566','8','1974-01-18 11:36:17'),
('129','1','9','velit','Corporis accusantium et voluptate. Eos enim natus praesentium. Laboriosam rerum delectus ipsa quod. Quo veniam laborum odit corporis sint.','viv','9404','1','1994-06-07 21:01:04'),
('130','2','10','qui','Tempore exercitationem et itaque non accusantium dolorem quibusdam. Illum vitae in voluptas eos omnis consequatur nulla. Doloremque ipsam quis voluptates assumenda qui.','fvt','43368','2','1998-09-25 05:06:57'),
('131','1','11','et','Corrupti ut fuga possimus. Deserunt iure ducimus ut explicabo. Totam nostrum quis qui voluptatem.','xpl','197','3','1979-04-16 15:17:08'),
('132','2','12','exercitationem','Quaerat facilis maxime fugiat quasi quaerat molestias. Soluta dolores corrupti sequi autem quia fugiat nesciunt. Numquam in magnam est esse beatae.','w3d','9','4','1994-12-17 03:39:42'),
('133','1','13','accusantium','Quia dolorem cupiditate nihil reiciendis ut. Nostrum vitae quia dolor. Et aut praesentium rerum nostrum. Dolores repudiandae quo maxime repudiandae autem.','st','67','5','2000-09-02 11:22:30'),
('134','2','14','quod','Eos aut vel eius totam ratione velit iure. A id id vel autem. Alias occaecati distinctio iste eos et dolorem quod ab. Qui dolorem voluptatem quas labore.','aiff','31660610','6','2019-08-06 16:31:37'),
('135','1','15','eius','Dicta voluptatem sed quia eos quia deserunt. In voluptas quia sit voluptates in error ad laudantium. Ut quia quos enim maiores pariatur voluptate.','odp','65927','7','1972-01-19 18:04:44'),
('136','2','16','quia','Minima recusandae quo consequuntur sed expedita inventore tempore aut. Eligendi qui fuga laudantium nobis qui nisi. Cumque recusandae praesentium magni non unde unde.','gca','80','8','1979-05-12 12:33:21'),
('137','1','17','aspernatur','Officia distinctio pariatur aut molestias error. Voluptatem sequi omnis dignissimos fuga ut vel. Et impedit deleniti commodi id dignissimos quia.','dcurl','8285286','1','1971-04-17 23:02:57'),
('138','2','18','excepturi','Et architecto dolores beatae alias maxime fugiat temporibus ut. Dolor laborum voluptatem alias impedit ut quas. Exercitationem dolores repudiandae aliquid quod modi. Voluptas repellat et aut debitis sapiente.','rss','30140258','2','2010-05-16 04:17:27'),
('139','1','19','sint','Quia consectetur est ipsum dolorem. Id qui atque et dignissimos nisi quo quaerat quasi. Blanditiis veniam tempora temporibus natus vel odio animi.','cab','5','3','1996-09-21 12:28:16'),
('140','2','20','quam','Minus consequatur excepturi adipisci. Nemo beatae dolores aut sed et quas praesentium aut. Vel non et facere vel dolorem id sed. Est aut velit quo officia eum delectus molestiae.','umj','273','4','1986-05-29 13:35:50'),
('141','1','21','facilis','Autem est reiciendis pariatur corrupti ipsum nihil tempore quisquam. Voluptas doloremque qui vel nihil illum veniam qui. Officiis culpa ullam culpa labore non ad. Temporibus qui fugiat est facere aut delectus est hic.','cmx','1179615','5','1973-01-05 06:46:03'),
('142','2','22','voluptate','Consequuntur ipsam deserunt alias officia facilis itaque officia dolor. Aut assumenda rerum ut qui et repudiandae. Pariatur alias dolores repellendus atque cupiditate corporis consequuntur.','h263','9','6','2001-09-04 04:35:28'),
('143','1','23','eum','Quos temporibus eum distinctio expedita. Non accusamus corporis doloremque id hic. Libero ut sint aut vel dolore ab repudiandae. Voluptate id molestias error facere et repellat et quia.','ppam','49018','7','1987-02-20 14:21:13'),
('144','2','24','totam','Assumenda necessitatibus asperiores eum sunt. Voluptas qui nisi quisquam autem illo nesciunt expedita. Laborum aspernatur sequi quo ut in non quaerat.','mka','18','8','1980-03-10 15:40:07'),
('145','1','25','occaecati','Quis harum ut nobis assumenda consequuntur. Omnis repudiandae sunt culpa consequatur eveniet. Dolor quia voluptas modi inventore.','pct','51','1','1984-05-30 06:32:18'),
('146','2','26','ut','Quam inventore nam nulla quia magni sapiente. Eos quae quam consequatur modi vero eligendi quasi. Officiis vitae illo quis aut numquam odio sunt. Est enim eius nulla et voluptas et ut. Laudantium vero facilis unde aperiam id in.','igs','96','2','1986-09-01 10:39:36'),
('147','1','27','eum','Sequi temporibus ut eius sapiente aspernatur. Ea ipsum sequi reprehenderit ea velit modi. Vero porro omnis quisquam molestias illo sit et.','ots','628351','3','1987-10-22 20:48:47'),
('148','2','28','quia','Maxime possimus voluptate voluptatem omnis omnis. Velit adipisci ullam aut repellendus. Et numquam sequi consequatur.','xml','395','4','1990-03-06 14:58:17'),
('149','1','29','aperiam','Soluta natus qui asperiores dolore. Amet aut ut modi asperiores. Laborum a recusandae eos qui et eum enim. Dolor voluptate omnis rerum ad quia facere.','sbml','42291','5','1996-01-08 04:34:02'),
('150','2','30','reprehenderit','Consequuntur facere et sunt cumque ut voluptatem veritatis. Dolores quia fugiat facilis beatae aut quia dolore rerum. In eos magni nisi quia consequuntur praesentium id. Aut molestias est qui dignissimos. Numquam non esse molestiae nisi enim.','sxi','9381','6','1978-09-14 19:53:24'),
('151','1','31','quo','Necessitatibus voluptas neque occaecati. Et ipsum qui eligendi sed enim sapiente sed omnis. Nihil error repellendus a fugiat. Occaecati et suscipit voluptate nemo in. Debitis atque expedita in iure debitis.','rdf','1848424','7','2017-12-20 06:56:39'),
('152','2','32','veniam','Dolores velit quae perspiciatis debitis. Non ea inventore iure mollitia aut. Cumque autem similique tempore voluptates consequatur. Officiis rerum vitae molestiae laboriosam.','chat','34955','8','1994-09-28 14:40:37'),
('153','1','33','officiis','Ut sint illum eaque repudiandae aspernatur. Eum expedita optio nihil quod accusantium in. Quis doloremque ea magnam enim quia ipsum.','vcx','0','1','2014-07-12 01:38:33'),
('154','2','34','explicabo','Enim tempora atque voluptas aperiam. Error ut in nemo. Quam vero et provident fugit omnis quidem quidem. Non quasi illo ut et.','mj2','5179464','2','2003-10-31 20:48:43'),
('155','1','35','velit','Excepturi nemo id vitae. Ullam est iste ad ab ut. Nisi alias dolorem et similique.','apr','30640233','3','1979-07-21 12:49:54'),
('156','2','36','ut','Harum aut molestiae dolorem. Ut non beatae aut aut. Deserunt ea rem est quia consequatur.','css','250111438','4','1993-05-09 22:36:43'),
('157','1','37','et','Dolorem rerum molestiae sit eos vero dolorem. Laboriosam rerum est sed necessitatibus ratione. Autem tempore non aperiam sed dolores fuga eligendi quibusdam. Aut est sed facere.','dd2','8','5','1977-10-20 17:37:40'),
('158','2','38','dolore','Natus corporis tempore ipsum laboriosam quas et totam quidem. Suscipit vel nobis non repellat expedita at fuga sed. Facere quas rerum molestiae non et et quia. Numquam omnis fugiat distinctio minima voluptatibus eos.','epub','0','6','1990-11-23 17:32:37'),
('159','1','39','quia','Nam est quis quisquam magnam rerum ullam consequatur. Aut consequatur quaerat libero doloremque aut. Nobis non aut repellendus optio. Facere aut deserunt quia eos.','xbap','6735','7','2000-01-28 18:09:00'),
('160','2','40','rerum','Quas iste ducimus dolor quis praesentium beatae non. Voluptas accusamus laboriosam sunt repudiandae nemo odio eum. Maxime aut blanditiis sit.','kpt','4889','8','1971-06-08 05:59:36'),
('161','1','41','in','Animi enim ipsa numquam doloribus quaerat et. Incidunt maiores et alias accusamus minus. Sapiente praesentium sed excepturi aspernatur ipsa hic. Rerum ut et minus voluptatem consequatur dolorum et.','ott','45033','1','1997-06-05 02:43:26'),
('162','2','42','et','Vel incidunt voluptas amet reprehenderit omnis sapiente quidem. Et nisi modi sed earum. Ut nam et blanditiis facere at aperiam sed. Libero molestiae quia dignissimos ipsam in.','xfdl','305','2','1992-01-07 05:15:41'),
('163','1','43','laborum','Voluptatum voluptas recusandae vero consectetur dicta quisquam eos. Voluptatibus aut ipsam magnam fugiat corporis possimus.','xenc','440','3','2011-09-24 17:40:10'),
('164','2','44','molestias','Est consequatur totam dolor sequi ipsam est error et. Dignissimos animi cum eos ratione. Omnis nemo aut maxime. Dolorem eaque ipsam quis maxime.','xfdl','21','4','2007-05-24 01:29:05'),
('165','1','45','doloribus','Necessitatibus omnis enim error esse nesciunt et. Consequatur et quaerat aut. Illum sint iure dolorum nam ullam et ut. Est illum et ea et rem illum.','pptm','797','5','2000-09-26 03:30:28'),
('166','2','46','est','Dicta temporibus est amet et unde et reprehenderit. Sint consequatur inventore id et qui nostrum minus. Asperiores qui quia illo.','rm','6','6','1977-07-25 13:27:08'),
('167','1','47','labore','Laboriosam in accusantium in sapiente ad. Id vel autem exercitationem recusandae dolorum ullam eos. Enim et et laboriosam quia repudiandae dignissimos.','igl','902631','7','2007-04-29 07:29:54'),
('168','2','48','voluptatem','Commodi est enim deserunt reprehenderit dolores repellendus. Consequatur eos dicta animi labore qui non architecto qui. Voluptas distinctio quo odio ut est. Quibusdam necessitatibus asperiores quia quas sapiente eum sed soluta.','wmv','0','8','1992-09-29 23:52:54'),
('169','1','49','qui','Temporibus dolorem exercitationem aspernatur autem vitae qui. Libero unde et atque numquam rem. Dignissimos delectus natus aut distinctio est.','wma','4609913','1','1971-12-23 14:34:55'),
('170','2','50','nisi','Quisquam mollitia expedita nam non et totam. Id ipsam repudiandae aperiam vitae possimus. Velit et tempore animi eum non sit. Eius in cum consequuntur sunt neque suscipit magnam.','ods','5527','2','2016-11-21 20:15:36'),
('171','1','51','vel','Illum ipsum porro excepturi et molestiae. Iure eveniet quasi id sint est eaque. Explicabo praesentium impedit nisi esse maiores molestiae.','jad','55003','3','1992-11-09 04:27:59'),
('172','2','52','cupiditate','Delectus aperiam unde illo a vero. Vitae dolorem adipisci in architecto vel aut voluptas. Enim quidem explicabo maxime voluptatum perferendis velit quo. Ea numquam et vel quam consequuntur.','wsdl','0','4','1970-05-26 21:00:31'),
('173','1','53','molestias','Adipisci et impedit nesciunt expedita ad nam et. Aliquid maiores nobis nobis id. Id nemo nostrum delectus laborum deleniti provident rerum. Quasi veritatis praesentium dolor veniam.','fe_launch','694900','5','1990-02-20 05:36:17'),
('174','2','54','voluptatem','Esse beatae laborum at explicabo cum sit praesentium. Quis dolorem natus aliquid ut magni eaque quis. Tempora maiores ad at nesciunt qui nulla.','fpx','31797','6','1994-02-04 06:17:17'),
('175','1','55','non','Et debitis totam numquam rerum dolore quis ut nam. Delectus minima voluptatem voluptatem rerum atque. Omnis corrupti unde est. Suscipit sunt similique quasi eos qui et quia. Beatae officia qui occaecati repellat est.','g3','982075657','7','2011-03-18 05:34:23'),
('176','2','56','corrupti','Et quibusdam dolore voluptatibus fugiat non rerum nihil. Beatae dicta asperiores magni natus molestiae. Vel quia ad vel facilis non qui eaque. Consequuntur non consectetur ut soluta.','air','5847','8','2004-01-01 20:57:07'),
('177','1','57','quaerat','Sit facere quam deleniti sapiente aut veniam aut. Dolorum dolor dignissimos error eveniet. Quos est facilis et quia aut. Quo natus consequatur distinctio distinctio soluta qui.','stw','0','1','1979-10-04 15:31:18'),
('178','2','58','molestias','Aliquam qui consequatur vitae ut. Et eius voluptatibus vel saepe. Repudiandae esse totam ad ex quis ratione. Ab sed sed voluptatem dolores sed earum.','sxi','12','2','2009-08-21 07:04:58'),
('179','1','59','qui','Fuga nam qui dolore at sunt eos. Non perferendis sed cum molestias id placeat iste. Reiciendis aut sapiente recusandae enim labore. Veniam qui et sed.','t3','27892','3','1994-11-20 20:56:26'),
('180','2','60','quod','Amet architecto ut deleniti animi recusandae maxime deserunt. Explicabo maxime reiciendis laborum provident est voluptatum. Non delectus fugit fuga quaerat ducimus maiores et veritatis. Voluptatem corrupti ad et ut voluptas.','f4v','0','4','2007-11-05 00:54:14'),
('181','1','61','tenetur','Fuga repellendus excepturi modi molestias. Aut dicta quia dolor dolor nam unde. Adipisci sequi voluptatem id possimus vero. Rerum rerum cupiditate iste qui sit iure animi.','sql','9578065','5','1993-12-30 15:35:53'),
('182','2','62','natus','Et excepturi quia sit ullam officia. Culpa velit minima deserunt sit rerum.','mus','934279','6','1978-04-07 19:44:52'),
('183','1','63','vero','Et et ut aliquid ipsam et. Non ut est voluptatibus officia officiis quo unde maxime. Et sunt non tenetur rem molestias dolorum quis. Excepturi atque natus et et et.','odg','5','7','1992-03-30 03:25:39'),
('184','2','64','ipsam','Rem debitis voluptates unde officia iste et fugiat. Et eum numquam fuga ratione. Nihil sit repudiandae neque esse exercitationem perspiciatis.','xop','0','8','2011-11-29 15:52:04'),
('185','1','65','possimus','Vitae perspiciatis accusamus voluptatem voluptate sequi culpa. Nam temporibus cupiditate rerum sint magnam labore qui. A necessitatibus et voluptas ut tempora natus quas reprehenderit.','musicxml','69','1','2007-01-01 03:08:34'),
('186','2','66','porro','Minus accusantium sit quam veniam et explicabo vero. Fuga cumque vel commodi delectus et. Corporis sint corrupti laboriosam ea quisquam aut. Consequatur illum est ut corporis quibusdam laudantium.','ustar','1684','2','1974-06-09 13:12:00'),
('187','1','67','corrupti','Magnam voluptatum eligendi asperiores aut aut. Ut quia expedita et laudantium iste. Voluptatibus itaque quia qui perferendis pariatur voluptatibus.','pfa','40713881','3','2001-04-03 04:22:49'),
('188','2','68','dolor','Nisi ad tempore esse quam quia harum. Id molestiae commodi sed nam aspernatur non debitis. Dignissimos debitis totam fugiat nemo perferendis aperiam quisquam. Velit eaque officiis quisquam dolorem et iure sed.','mcurl','24','4','2019-06-08 22:07:30'),
('189','1','69','neque','Sint fugit enim est culpa minus nemo et. Vel dolores laudantium rem autem. Assumenda quasi perferendis molestias. Eaque magnam illo dolores exercitationem et dolorem quae. Autem nemo enim consequuntur consectetur exercitationem tenetur.','air','74','5','1976-11-01 16:45:25'),
('190','2','70','in','Quisquam asperiores quisquam ex animi sequi mollitia. Exercitationem ducimus dolore maxime eos exercitationem eum explicabo. Est cum illo esse quibusdam. Pariatur consequatur vel earum amet sunt quis et.','kon','72','6','1992-04-17 19:28:42'),
('191','1','71','consequatur','Asperiores iure vitae voluptatem omnis ab laborum. Harum ullam vel cum omnis a voluptate. Vitae facere dolor dolores dignissimos. Iste assumenda sit rerum quis.','mime','486335','7','1970-11-19 08:49:31'),
('192','2','72','perspiciatis','Minima possimus totam officia sint ab et. Aut illum dolore pariatur. Beatae sit ut vel amet voluptatem et.','zip','6866539','8','1992-03-18 14:06:39'),
('193','1','73','perspiciatis','Sunt molestiae laboriosam minima ut aut recusandae. Enim aut aut autem officia. Architecto sapiente autem dolores reiciendis ipsa sunt enim. Officiis omnis vitae rerum placeat.','psd','5','1','2003-07-02 12:58:47'),
('194','2','74','enim','Maiores quia dolor itaque. Et molestiae in tenetur. Similique ducimus esse voluptas qui. Cumque aspernatur libero voluptates voluptates explicabo qui id voluptatem.','src','169308306','2','1997-12-05 23:33:51'),
('195','1','75','amet','Odit consequuntur dolorem distinctio nobis veniam. Alias assumenda dolorem ab nihil porro et. Consectetur sapiente et voluptatem earum repellat modi pariatur illo. Est quod odio error eos tempore quisquam. Perspiciatis repellendus dignissimos blanditiis quidem.','webm','883023','3','1996-10-08 12:16:06'),
('196','2','76','excepturi','Molestiae iusto debitis sed error optio magnam. Voluptatum eum debitis aut illo quisquam. Similique repellendus ducimus in quia quis. Occaecati alias enim labore voluptatibus voluptatem rerum.','ief','81','4','2006-02-02 23:06:15'),
('197','1','77','tenetur','Dolor excepturi commodi minus. Qui suscipit aut impedit sint. Sit asperiores omnis qui placeat libero. Repellendus dolores fugiat velit repudiandae aliquid.','mods','799','5','1997-01-08 00:01:25'),
('198','2','78','quia','Porro laboriosam velit est non ea quia impedit. Delectus quibusdam quam fuga molestias culpa assumenda iusto. Dolores ea deleniti consequatur ut.','ulx','0','6','1986-05-06 23:36:22'),
('199','1','79','aspernatur','Minus tempora neque est ut. Delectus neque quo fuga assumenda rem. Voluptatem magnam qui aut beatae velit. Esse voluptatem eum ullam.','vcs','620','7','1983-09-15 03:51:30'),
('200','2','80','minima','Saepe architecto quam molestias enim quod ipsa sint. Sint animi qui id totam illum minus. Rerum autem ea quidem odit dolores aut.','latex','585','8','2003-11-09 13:20:04'); 



drop table if exists profiles;
create table profiles (
	user_id serial primary key,
	birthday date,
	gender char(1),
	country varchar(30),
	photo_id bigint unsigned null,
	created_at datetime default now(),
	
	foreign key (user_id) references users(id),
	foreign key (photo_id) references media(id)
);


INSERT INTO `profiles` VALUES ('1','2005-06-20','f','Afghanistan','1','1995-02-09 23:57:32'),
('2','1997-03-14','m','Kuwait','2','1980-06-24 21:32:07'),
('3','1998-12-09','m','Hong Kong','3','1982-11-28 07:56:28'),
('4','1977-07-17','m','Maldives','4','1982-09-09 14:10:31'),
('5','1984-06-05','m','Cote d\'Ivoire','5','2016-04-30 04:25:13'),
('6','2011-01-07','m','Serbia','6','2007-05-07 05:29:18'),
('7','1972-12-15','m','Norway','7','2007-08-27 22:04:38'),
('8','2013-08-13','m','Iraq','8','1981-06-12 22:48:12'),
('9','1978-10-18','m','Liberia','9','1999-04-21 14:43:02'),
('10','1977-12-28','m','Germany','10','2012-02-02 10:21:20'),
('11','2016-08-11','m','Tajikistan','11','2013-07-11 06:02:33'),
('12','2006-09-19','m','Northern Mariana Islands','12','2014-04-29 18:19:49'),
('13','1973-09-22','m','Western Sahara','13','1983-12-24 10:23:00'),
('14','2017-01-03','m','China','14','1977-07-06 22:09:57'),
('15','1985-10-25','m','Eritrea','15','1987-03-11 21:57:45'),
('16','1998-04-29','m','Anguilla','16','1992-12-17 20:08:49'),
('17','1989-06-20','m','El Salvador','17','1988-02-07 12:08:39'),
('18','1987-07-12','m','Zambia','18','1996-05-22 16:40:32'),
('19','1985-02-11','m','British Virgin Islands','19','2015-04-17 21:46:29'),
('20','2015-11-23','m','Yemen','20','1982-09-11 18:46:12'),
('21','1991-11-05','m','Mexico','21','2006-08-29 11:18:22'),
('22','1994-07-30','m','Vanuatu','22','2018-06-22 15:42:00'),
('23','2011-02-10','m','Syrian Arab Republic','23','1995-09-27 03:20:47'),
('24','1972-01-27','m','Brazil','24','1990-02-10 07:17:46'),
('25','2004-05-18','m','Pitcairn Islands','25','1988-03-17 12:09:32'),
('26','2008-03-09','m','Northern Mariana Islands','26','2001-09-10 07:16:36'),
('27','1981-03-24','m','Algeria','27','1997-04-26 21:18:16'),
('28','1972-12-03','m','Libyan Arab Jamahiriya','28','1986-11-30 01:23:05'),
('29','1992-03-03','m','Eritrea','29','1988-07-27 14:11:30'),
('30','1973-11-14','m','Syrian Arab Republic','30','2010-11-29 01:02:38'),
('31','1972-12-28','m','Paraguay','31','1978-04-15 21:31:21'),
('32','2015-11-10','m','Kuwait','32','2002-09-10 02:26:55'),
('33','2003-12-07','m','Sweden','33','1995-07-25 12:35:24'),
('34','1984-08-25','m','Uruguay','34','2017-03-20 04:40:20'),
('35','1977-02-09','m','Turkey','35','2011-04-11 07:23:33'),
('36','1976-10-20','m','Marshall Islands','36','2008-11-07 10:56:42'),
('37','1977-04-24','m','Ireland','37','1990-12-14 14:35:29'),
('38','1980-01-06','m','Saint Helena','38','1990-09-11 05:07:42'),
('39','2012-09-24','m','Gabon','39','1985-02-23 17:38:37'),
('40','1999-02-11','m','South Georgia and the South Sa','40','1984-08-21 16:01:10'),
('41','1995-03-29','m','Venezuela','41','2004-11-08 23:38:43'),
('42','2013-12-09','m','Croatia','42','2015-01-05 03:53:14'),
('43','2008-11-03','m','Thailand','43','1978-11-09 16:35:13'),
('44','1982-11-08','m','Norway','44','1998-01-18 00:23:52'),
('45','2017-04-27','m','Brunei Darussalam','45','1970-01-28 02:41:07'),
('46','1988-02-24','m','United States Virgin Islands','46','2019-01-16 23:30:51'),
('47','1992-02-23','m','Philippines','47','1986-03-07 07:39:14'),
('48','1981-04-10','m','Romania','48','2016-03-20 01:14:11'),
('49','1979-11-21','m','Bahrain','49','2015-06-06 21:25:15'),
('50','1994-09-17','m','Austria','50','2000-02-19 13:31:01'),
('51','2012-11-11','f','Iceland','51','1977-07-28 17:55:57'),
('52','1970-03-30','f','Estonia','52','1975-09-28 16:33:17'),
('53','1971-02-18','f','Suriname','53','1973-12-07 16:47:18'),
('54','1999-04-14','f','Benin','54','1996-02-09 09:55:14'),
('55','1987-11-03','f','Iraq','55','1970-11-18 10:18:31'),
('56','2002-09-01','f','Korea','56','2004-10-25 04:11:03'),
('57','2005-08-22','f','Canada','57','2018-02-08 00:06:57'),
('58','1980-05-17','f','Netherlands Antilles','58','1974-10-07 05:09:32'),
('59','1991-07-01','f','Malaysia','59','1977-01-07 11:41:38'),
('60','1998-02-13','f','Somalia','60','2016-11-23 09:44:28'),
('61','1975-08-30','f','Albania','61','1997-01-25 16:54:05'),
('62','1995-03-12','f','Norfolk Island','62','1992-08-03 22:27:57'),
('63','1994-05-14','f','Ireland','63','1992-02-01 03:21:06'),
('64','1989-12-25','f','France','64','1978-08-28 06:56:09'),
('65','1970-06-19','f','Anguilla','65','2016-11-23 02:00:24'),
('66','2008-01-29','f','Saudi Arabia','66','1973-05-12 15:40:18'),
('67','1976-12-23','f','Pitcairn Islands','67','2001-11-25 00:56:47'),
('68','1985-03-23','f','Mexico','68','2015-12-30 07:57:06'),
('69','1971-08-22','f','Nauru','69','2001-12-28 23:54:51'),
('70','1981-05-21','f','Congo','70','1985-04-01 06:54:07'),
('71','2002-06-26','f','Burundi','71','2018-05-25 06:37:29'),
('72','1989-09-08','f','Mauritania','72','1970-07-04 04:23:54'),
('73','1973-05-05','f','Mayotte','73','2004-10-11 18:36:23'),
('74','1984-07-20','f','Peru','74','1976-04-16 06:04:42'),
('75','1982-10-01','f','Macedonia','75','1974-12-28 01:22:47'),
('76','1979-02-02','f','Honduras','76','2010-08-23 05:19:26'),
('77','1989-01-10','f','Central African Republic','77','1994-06-14 20:37:11'),
('78','2006-01-21','f','Chile','78','2019-05-08 04:48:11'),
('79','1972-06-06','f','Qatar','79','2004-03-22 11:28:28'),
('80','1980-06-01','f','Lithuania','80','1977-12-03 00:54:59'),
('81','1975-05-10','f','Syrian Arab Republic','81','1994-04-09 19:14:55'),
('82','1997-03-08','f','Azerbaijan','82','1996-03-18 18:39:16'),
('83','2012-04-16','f','Korea','83','1984-02-05 05:26:10'),
('84','1989-06-27','f','Jordan','84','1978-12-22 03:28:24'),
('85','2019-01-11','f','Bosnia and Herzegovina','85','2016-06-04 01:31:12'),
('86','1994-06-05','f','Nigeria','86','1983-11-25 00:12:54'),
('87','2011-10-12','f','Guinea','87','1980-10-26 18:21:00'),
('88','1993-07-08','f','Indonesia','88','2000-11-01 07:38:58'),
('89','1978-04-03','f','Latvia','89','1988-11-13 01:14:38'),
('90','1989-07-19','f','Tajikistan','90','1996-05-05 16:44:04'),
('91','2016-02-07','f','Guam','91','1998-10-29 12:35:04'),
('92','1985-03-30','f','Honduras','92','1987-12-16 05:45:37'),
('93','1982-06-23','f','Dominican Republic','93','1980-12-05 14:18:54'),
('94','1971-03-16','f','Madagascar','94','1986-07-31 23:33:04'),
('95','2013-10-14','f','Honduras','95','2007-06-11 10:05:53'),
('96','2017-05-23','f','Chad','96','1993-10-27 17:36:52'),
('97','1981-10-17','f','Montenegro','97','1997-06-14 11:28:54'),
('98','2001-06-07','f','Sierra Leone','98','1995-12-16 22:12:26'),
('99','2007-05-08','f','Libyan Arab Jamahiriya','99','2018-03-31 02:45:58'),
('100','2018-08-31','f','Zimbabwe','100','1983-06-06 12:43:53'); 


drop table if exists playlists;
create table playlists (
	id serial primary key,
	name varchar(100) unique comment 'title of a playlist',
	channel_id bigint unsigned not null,
	created_at datetime default now(),
	
	foreign key (channel_id) references channels(id)
);

INSERT INTO `playlists` VALUES ('1','eos','1','1994-08-24 08:51:49'),
('2','aut','2','1981-02-08 23:49:15'),
('3','recusandae','3','2003-06-05 04:18:34'),
('4','iusto','4','1993-04-15 16:52:58'),
('5','consectetur','5','1994-07-06 15:08:25'),
('6','quam','6','1975-11-27 07:09:19'),
('7','et','7','2001-06-17 08:17:52'),
('8','repellat','8','2002-03-12 04:34:02'),
('9','eaque','9','1979-04-21 22:48:57'),
('10','accusantium','10','1975-06-08 16:08:43'),
('11','perspiciatis','11','1975-12-19 22:08:07'),
('12','est','12','1977-08-11 06:59:03'),
('13','nobis','13','1971-04-15 16:15:00'),
('14','quidem','14','2003-01-05 22:16:43'),
('15','placeat','15','2011-11-15 11:44:48'),
('16','exercitationem','16','1970-04-29 19:09:48'),
('17','hic','17','1989-06-28 04:41:22'),
('18','explicabo','18','1985-06-04 00:16:56'),
('19','ipsa','19','2007-11-20 11:30:47'),
('20','nulla','20','2015-11-07 14:54:14'),
('21','sed','21','2016-02-29 20:34:01'),
('22','dolor','22','2019-04-22 14:16:32'),
('23','nihil','23','1984-01-27 12:16:42'),
('24','modi','24','1994-02-08 12:04:54'),
('25','numquam','25','1989-10-25 13:13:24'),
('26','voluptatem','26','1993-02-07 13:05:26'),
('27','molestiae','27','1979-08-14 21:46:13'),
('28','officia','28','2013-06-16 03:55:27'),
('29','laboriosam','29','1988-02-24 13:58:47'),
('30','ducimus','30','2010-04-22 08:01:18'); 



drop table if exists videos;
create table videos (
	id serial primary key,
	channel_id bigint unsigned not null,
	media_id bigint unsigned not null,
	category_id bigint unsigned not null,
	views bigint unsigned,
	playlist_id bigint unsigned null comment 'null if video is not in playlist',
	
	index (category_id),
	foreign key (channel_id) references channels(id),
	foreign key (media_id) references media(id),
	foreign key (category_id) references categories(id),
	foreign key (playlist_id) references playlists(id)
);


INSERT INTO `videos` VALUES ('1','1','1','1','441','1'),
('2','2','2','2','4','2'),
('3','3','3','3','5488532','3'),
('4','4','4','4','249467172','4'),
('5','5','5','5','997507','5'),
('6','6','6','6','9','6'),
('7','7','7','7','25207','7'),
('8','8','8','8','562428302','8'),
('9','9','9','9','8700','9'),
('10','10','10','10','5577656','10'),
('11','11','11','1','17331','11'),
('12','12','12','2','32292','12'),
('13','13','13','3','33','13'),
('14','14','14','4','0','14'),
('15','15','15','5','93303669','15'),
('16','16','16','6','513','16'),
('17','17','17','7','554891','17'),
('18','18','18','8','0','18'),
('19','19','19','9','6449','19'),
('20','20','20','10','23960574','20'),
('21','21','21','1','56094','21'),
('22','22','22','2','5488051','22'),
('23','23','23','3','4026027','23'),
('24','24','24','4','7562','24'),
('25','25','25','5','564333901','25'),
('26','26','26','6','657923','26'),
('27','27','27','7','4276883','27'),
('28','28','28','8','7','28'),
('29','29','29','9','5200','29'),
('30','30','30','10','7210798','30'),
('31','31','31','1','588081862','1'),
('32','32','32','2','7168','2'),
('33','33','33','3','220665','3'),
('34','34','34','4','7253339','4'),
('35','35','35','5','2128387','5'),
('36','36','36','6','98','6'),
('37','37','37','7','6488','7'),
('38','38','38','8','566','8'),
('39','39','39','9','3646','9'),
('40','40','40','10','0','10'),
('41','41','41','1','3776124','11'),
('42','42','42','2','28','12'),
('43','43','43','3','76','13'),
('44','44','44','4','72600','14'),
('45','45','45','5','44','15'),
('46','46','46','6','983613702','16'),
('47','47','47','7','54234','17'),
('48','48','48','8','86331734','18'),
('49','49','49','9','12840415','19'),
('50','50','50','10','47','20'),
('51','51','51','1','81','21'),
('52','52','52','2','10822','22'),
('53','53','53','3','0','23'),
('54','54','54','4','16998','24'),
('55','55','55','5','6484386','25'),
('56','56','56','6','770','26'),
('57','57','57','7','4809','27'),
('58','58','58','8','2994587','28'),
('59','59','59','9','5100','29'),
('60','60','60','10','57683190','30'),
('61','61','61','1','971','1'),
('62','62','62','2','43992','2'),
('63','63','63','3','20','3'),
('64','64','64','4','851940','4'),
('65','65','65','5','499','5'),
('66','66','66','6','9685659','6'),
('67','67','67','7','1245177','7'),
('68','68','68','8','80269','8'),
('69','69','69','9','4069','9'),
('70','70','70','10','830220552','10'),
('71','71','71','1','7','11'),
('72','72','72','2','58065','12'),
('73','73','73','3','75420116','13'),
('74','74','74','4','70','14'),
('75','75','75','5','972','15'),
('76','76','76','6','9','16'),
('77','77','77','7','761585','17'),
('78','78','78','8','708975','18'),
('79','79','79','9','6','19'),
('80','80','80','10','238','20'),
('81','81','81','1','49','21'),
('82','82','82','2','194','22'),
('83','83','83','3','1597024','23'),
('84','84','84','4','21072','24'),
('85','85','85','5','1425221','25'),
('86','86','86','6','561033','26'),
('87','87','87','7','977662','27'),
('88','88','88','8','27','28'),
('89','89','89','9','6','29'),
('90','90','90','10','933','30'),
('91','91','91','1','57709232','1'),
('92','92','92','2','0','2'),
('93','93','93','3','6690','3'),
('94','94','94','4','2166110','4'),
('95','95','95','5','1780860','5'),
('96','96','96','6','78031','6'),
('97','97','97','7','4','7'),
('98','98','98','8','20320580','8'),
('99','99','99','9','9','9'),
('100','100','100','10','105','10'); 


drop table if exists likes;
create table likes (
	-- id serial primary key,
	user_id bigint unsigned not null,
	video_id bigint unsigned not null,
	created_at datetime default now(),
	
	foreign key (user_id) references users(id),
	foreign key (video_id) references videos(id),
	primary key (user_id, video_id)
);


INSERT INTO `likes` VALUES ('1','1','1976-03-06 15:51:03'),
('1','3','1986-07-15 00:45:14'),
('1','13','2005-08-01 06:37:00'),
('1','16','1991-04-16 05:52:50'),
('1','20','1985-05-22 21:39:16'),
('1','21','2000-06-19 21:26:36'),
('1','28','1983-07-18 21:21:07'),
('1','38','2008-09-08 05:50:18'),
('1','40','1991-08-12 04:19:22'),
('1','42','1971-11-08 16:40:35'),
('1','46','1981-07-02 15:26:52'),
('1','50','1979-04-21 10:55:54'),
('1','52','1987-03-22 08:19:24'),
('1','54','1989-06-23 06:57:53'),
('1','56','1998-01-16 14:20:41'),
('1','61','1994-10-23 05:30:26'),
('1','62','2016-07-11 20:28:57'),
('1','68','1996-06-08 23:01:56'),
('1','74','2001-05-23 13:34:49'),
('1','76','1976-08-21 14:24:49'),
('1','80','2012-11-11 11:25:54'),
('1','82','1980-04-20 11:39:33'),
('1','84','1971-11-13 11:58:07'),
('1','88','1974-02-04 23:16:10'),
('1','91','1975-10-15 10:59:24'),
('1','92','1975-05-28 17:21:44'),
('1','93','1995-11-03 10:53:16'),
('1','98','1998-03-07 03:16:30'),
('2','13','2011-04-16 03:55:34'),
('2','15','1970-04-17 18:41:44'),
('2','17','1979-01-19 02:03:52'),
('2','19','1987-02-14 16:41:39'),
('2','21','2016-11-17 10:05:01'),
('2','23','2002-04-27 07:21:04'),
('2','32','1978-10-03 23:34:24'),
('2','48','2017-01-19 02:23:24'),
('2','61','1997-07-24 13:44:42'),
('2','62','2001-04-13 08:06:13'),
('2','71','1995-09-30 00:46:38'),
('2','73','1981-09-23 12:06:56'),
('2','74','1975-01-16 09:44:37'),
('2','83','2018-12-20 21:48:42'),
('2','86','1978-10-24 22:37:36'),
('2','88','1985-11-07 14:14:37'),
('2','90','1999-05-29 15:28:24'),
('3','4','1991-05-01 13:29:58'),
('3','11','1976-05-22 12:22:21'),
('3','23','1992-12-09 02:02:22'),
('3','26','2009-07-25 21:22:55'),
('3','28','2014-05-14 09:06:57'),
('3','29','2000-11-13 16:52:10'),
('3','43','2017-10-08 14:42:37'),
('3','48','1970-02-19 10:43:25'),
('3','51','1996-09-28 19:08:05'),
('3','59','2003-02-16 12:05:31'),
('3','73','1994-11-06 23:07:36'),
('3','75','2014-07-13 08:31:46'),
('3','91','1980-01-13 21:50:35'),
('4','12','2005-11-11 12:41:35'),
('4','15','1979-04-13 23:29:45'),
('4','17','2013-03-15 10:02:14'),
('4','20','1978-08-26 11:50:31'),
('4','24','1994-03-20 10:25:11'),
('4','25','2007-04-20 16:14:03'),
('4','30','1970-01-28 09:34:24'),
('4','43','1991-10-01 22:19:07'),
('4','50','1977-08-17 17:56:01'),
('4','52','2015-08-22 14:39:19'),
('4','56','1991-04-13 10:44:05'),
('4','59','1989-07-15 18:42:21'),
('4','60','2011-05-11 10:16:07'),
('4','71','2007-12-26 10:47:19'),
('4','73','2016-09-27 23:12:17'),
('4','77','1995-07-20 00:48:24'),
('4','82','1987-03-06 07:40:41'),
('4','92','1998-12-09 13:13:39'),
('4','93','2016-01-12 19:34:14'),
('4','96','1978-01-12 03:23:16'),
('4','97','1972-04-06 15:20:50'),
('5','1','1991-02-07 18:56:01'),
('5','9','2015-07-28 10:11:08'),
('5','11','2016-11-03 16:51:02'),
('5','12','1990-06-02 05:16:29'),
('5','18','2016-06-13 01:48:38'),
('5','28','1970-11-16 14:56:45'),
('5','33','2005-12-28 10:27:46'),
('5','34','2000-02-21 10:50:52'),
('5','38','2011-07-14 20:38:02'),
('5','44','2009-12-17 12:44:48'),
('5','48','1990-08-16 04:30:04'),
('5','55','2015-11-21 15:01:06'),
('5','65','2017-02-13 04:00:59'),
('5','70','2013-02-13 11:40:16'),
('5','74','2018-10-25 04:12:12'),
('5','76','1974-02-03 17:47:06'),
('5','77','1989-04-07 09:26:40'),
('5','79','2016-10-11 13:00:58'),
('5','80','1986-09-14 11:23:57'),
('5','83','2002-10-01 18:33:14'),
('5','85','2012-10-10 12:45:33'),
('5','96','2009-06-28 15:54:47'),
('5','97','1982-03-27 20:40:15'),
('6','1','1997-10-25 23:46:36'),
('6','4','2013-03-06 04:59:16'),
('6','10','2000-06-24 19:47:59'),
('6','11','1986-07-28 05:17:46'),
('6','14','1984-07-12 17:58:17'),
('6','26','2003-06-24 08:46:02'),
('6','29','2007-01-31 17:53:17'),
('6','30','1994-12-22 00:07:24'),
('6','31','1980-03-09 02:01:22'),
('6','36','2010-05-11 06:17:15'),
('6','44','1983-11-08 22:17:29'),
('6','45','2019-10-15 16:31:04'),
('6','48','1995-04-17 21:22:01'),
('6','50','1974-03-03 01:44:51'),
('6','51','2008-01-16 08:43:09'),
('6','54','1993-05-11 05:32:45'),
('6','58','2003-07-03 14:33:17'),
('6','61','2003-05-06 10:18:08'),
('6','65','2004-08-21 04:20:25'),
('6','71','2013-03-10 21:58:29'),
('6','74','2002-12-28 16:36:57'),
('6','81','1999-04-27 00:01:49'),
('6','82','2013-12-27 10:25:31'),
('6','85','2002-03-13 01:43:07'),
('6','89','2009-08-01 13:07:42'),
('6','99','1985-04-15 03:30:03'),
('7','12','2013-11-21 04:44:26'),
('7','15','1977-11-28 13:32:37'),
('7','18','1984-01-19 00:33:47'),
('7','23','1990-03-06 02:30:33'),
('7','27','2015-02-13 21:40:00'),
('7','31','2005-03-21 07:06:28'),
('7','34','1977-05-26 08:31:17'),
('7','41','2011-02-11 14:59:16'),
('7','42','2012-10-12 22:38:58'),
('7','47','2000-05-19 06:20:20'),
('7','49','1980-05-30 07:38:01'),
('7','50','2004-03-08 03:45:30'),
('7','66','1990-11-21 04:01:10'),
('7','69','2001-03-19 21:29:20'),
('7','71','1998-02-22 05:00:00'),
('7','74','2012-10-08 20:12:13'),
('7','75','1995-08-22 07:34:38'),
('7','86','1974-09-11 08:40:34'),
('7','88','1998-05-28 05:58:18'),
('7','91','1995-02-24 11:37:33'),
('7','92','1999-06-17 14:36:41'),
('8','3','1976-04-21 23:19:04'),
('8','7','1994-11-30 02:42:42'),
('8','20','1970-01-23 08:17:38'),
('8','23','2019-02-26 15:52:11'),
('8','27','1973-03-28 20:30:29'),
('8','30','2009-07-07 15:22:59'),
('8','34','1984-08-11 06:48:25'),
('8','35','2019-09-05 23:45:44'),
('8','37','1981-06-16 04:53:34'),
('8','41','2019-04-01 13:14:06'),
('8','49','2009-10-12 15:18:53'),
('8','52','2009-04-25 08:11:17'),
('8','54','1998-08-31 08:19:52'),
('8','61','2018-10-05 04:24:20'),
('8','69','2002-05-21 09:25:54'),
('8','73','1980-12-27 18:27:17'),
('8','75','2017-03-15 15:10:37'),
('8','76','1989-02-07 12:27:16'),
('8','85','1971-07-23 20:10:23'),
('8','90','1975-11-18 18:36:41'),
('8','93','2006-10-14 06:23:43'),
('8','99','1987-09-27 08:50:01'),
('9','2','1982-06-13 03:23:09'),
('9','4','2017-09-07 00:53:47'),
('9','7','2000-11-18 02:56:02'),
('9','8','2011-04-13 10:02:13'),
('9','9','2000-10-05 16:16:18'),
('9','13','2006-09-07 23:03:13'),
('9','29','1994-05-24 05:15:53'),
('9','30','1987-12-27 13:55:39'),
('9','32','1978-03-11 20:12:55'),
('9','34','1999-09-02 06:28:13'),
('9','47','2007-08-01 03:10:22'),
('9','48','1993-09-28 21:49:14'),
('9','53','2011-06-20 18:50:24'),
('9','56','1988-01-24 16:50:42'),
('9','57','2014-06-19 06:35:52'),
('9','63','1982-04-10 09:59:38'),
('9','67','2004-12-20 22:23:44'),
('9','76','2017-02-20 11:20:28'),
('9','82','1974-11-24 19:39:37'),
('9','84','2008-02-10 22:17:02'),
('9','86','2007-04-21 01:52:29'),
('9','91','2002-02-10 22:21:21'),
('10','9','1998-04-13 16:45:23'),
('10','15','2001-08-03 05:36:00'),
('10','16','2010-02-16 14:34:21'),
('10','23','1998-09-11 02:09:35'),
('10','26','2014-09-26 13:27:43'),
('10','30','1998-02-18 12:34:27'),
('10','43','2003-10-01 18:50:31'),
('10','53','2014-06-29 08:11:10'),
('10','62','1989-11-20 23:10:41'),
('10','68','2019-01-01 05:53:07'),
('10','69','2014-04-09 13:14:54'),
('10','74','2014-05-01 17:39:27'),
('10','75','1988-08-10 15:33:46'),
('10','83','1973-02-14 10:25:42'),
('11','8','1980-08-30 05:06:51'),
('11','25','1972-03-02 20:30:33'),
('11','27','2016-05-23 23:15:47'),
('11','38','2000-02-22 19:33:46'),
('11','40','2002-03-29 11:03:18'),
('11','45','1981-10-30 08:06:33'),
('11','53','2016-08-30 01:14:17'),
('11','61','1995-12-05 06:50:56'),
('11','66','1971-02-05 06:19:07'),
('11','70','2000-11-14 01:26:34'),
('11','76','1992-09-03 13:16:27'),
('11','79','2000-03-05 05:31:14'),
('11','94','1973-04-26 00:13:54'),
('11','95','1983-07-25 03:02:17'),
('12','4','1981-06-22 21:20:34'),
('12','8','2006-10-24 01:08:22'),
('12','10','1999-12-11 17:52:06'),
('12','15','1986-04-01 03:33:15'),
('12','20','2016-01-28 03:00:50'),
('12','23','2005-12-15 23:33:29'),
('12','24','1976-01-05 14:42:17'),
('12','26','1995-06-22 03:01:36'),
('12','27','2003-05-06 16:59:31'),
('12','35','2018-05-24 00:33:49'),
('12','37','1984-10-26 15:55:28'),
('12','40','2004-02-08 04:26:57'),
('12','47','1988-07-25 22:35:20'),
('12','48','1987-05-11 07:37:47'),
('12','52','1973-08-29 17:04:48'),
('12','54','1995-05-04 20:45:43'),
('12','61','2016-08-01 18:37:03'),
('12','62','2003-03-26 11:35:37'),
('12','64','2000-04-09 12:56:20'),
('12','69','2013-02-09 10:26:43'),
('12','70','2005-03-08 12:30:42'),
('12','73','1997-12-14 07:18:39'),
('12','74','1976-07-31 17:13:35'),
('12','77','1992-08-27 09:34:53'),
('12','78','2004-04-10 21:11:56'),
('12','91','2019-01-30 21:52:46'),
('12','93','1982-10-24 17:49:44'),
('12','95','1985-12-30 06:45:43'),
('12','98','2018-06-29 00:12:26'),
('13','2','2008-04-28 18:31:54'),
('13','15','1973-07-07 03:50:07'),
('13','20','1993-09-25 15:44:45'),
('13','25','1989-08-30 18:05:26'),
('13','28','1991-04-24 00:28:23'),
('13','33','1976-10-26 12:58:10'),
('13','34','1973-01-26 06:17:58'),
('13','35','2013-04-14 16:43:15'),
('13','42','2010-05-23 23:12:50'),
('13','45','1998-02-07 22:48:27'),
('13','46','1996-02-04 23:46:28'),
('13','56','1977-10-17 13:42:56'),
('13','66','1983-12-16 10:30:51'),
('13','73','1990-12-20 20:01:11'),
('13','78','2006-03-07 04:15:05'),
('13','84','2018-10-18 17:11:05'),
('13','90','1975-06-11 07:25:31'),
('13','94','2008-11-25 05:25:58'),
('13','97','1988-05-29 23:12:32'),
('13','99','2008-06-09 08:18:59'),
('14','2','1979-04-23 01:59:12'),
('14','9','1986-02-13 06:23:14'),
('14','16','1977-02-16 03:47:40'),
('14','17','1982-06-29 12:34:55'),
('14','20','1971-06-12 21:01:15'),
('14','29','2004-12-21 06:28:55'),
('14','40','1984-02-21 16:58:07'),
('14','52','2012-07-20 07:40:10'),
('14','56','1990-03-10 09:49:01'),
('14','57','2000-09-09 21:34:26'),
('14','61','2017-09-08 16:50:24'),
('14','64','1988-12-04 20:40:58'),
('14','78','1976-02-04 02:06:00'),
('14','80','2017-10-25 12:49:40'),
('14','89','1985-01-02 19:31:13'),
('14','90','1998-06-30 12:31:29'),
('14','91','2013-08-14 13:33:16'),
('14','92','1980-05-07 15:54:39'),
('15','9','1983-08-13 19:23:53'),
('15','17','2006-11-20 08:27:42'),
('15','22','2011-10-02 21:34:06'),
('15','24','2011-07-31 07:00:47'),
('15','33','2018-12-21 21:49:50'),
('15','44','2004-09-22 01:49:24'),
('15','45','2009-08-31 03:28:17'),
('15','46','1998-02-09 08:10:12'),
('15','55','2001-08-22 23:11:19'),
('15','61','2017-07-23 00:50:43'),
('15','63','1974-11-12 07:30:57'),
('15','66','1984-08-05 23:07:26'),
('15','69','1991-06-21 06:23:34'),
('15','77','1992-10-28 21:15:04'),
('15','80','1991-02-18 16:40:29'),
('15','87','2017-06-30 22:30:43'),
('15','91','1977-06-09 07:51:11'),
('15','99','1982-04-23 23:39:25'),
('16','1','1999-08-19 18:07:13'),
('16','4','2001-01-05 01:58:18'),
('16','12','2007-03-08 16:46:50'),
('16','17','1994-10-17 14:28:38'),
('16','40','2001-08-01 22:22:59'),
('16','42','2007-04-16 23:09:26'),
('16','44','1990-05-17 22:03:44'),
('16','50','2011-02-05 03:13:39'),
('16','51','1993-10-31 22:18:50'),
('16','54','1989-03-22 06:59:35'),
('16','76','1970-01-02 20:32:11'),
('16','81','1994-10-23 12:01:29'),
('16','82','1998-09-06 19:12:53'),
('16','83','1995-11-17 21:41:57'),
('16','85','2016-05-16 15:51:37'),
('16','95','1972-01-28 15:13:25'),
('16','98','1997-04-02 23:58:14'),
('17','12','1974-09-01 08:02:48'),
('17','24','2017-11-04 14:42:50'),
('17','26','1986-06-14 16:31:31'),
('17','32','1996-08-31 18:41:51'),
('17','33','2010-12-14 23:07:25'),
('17','36','2003-11-18 05:43:59'),
('17','46','2004-11-23 05:10:01'),
('17','48','2016-01-27 23:10:17'),
('17','55','1973-04-26 11:39:49'),
('17','56','1992-11-19 19:28:58'),
('17','63','2000-12-22 03:48:25'),
('17','68','1988-07-16 16:46:20'),
('17','72','2019-07-01 05:18:07'),
('17','75','1987-03-09 19:40:34'),
('17','79','2001-02-27 21:11:21'),
('17','82','2012-07-24 23:11:06'),
('17','87','1997-09-23 08:37:20'),
('17','92','2014-07-31 19:43:02'),
('17','96','2013-11-20 11:57:45'),
('18','37','1999-06-20 07:16:27'),
('18','46','1999-02-19 23:05:59'),
('18','48','2000-02-09 19:36:32'),
('18','54','1976-09-18 20:19:22'),
('18','55','2005-04-17 18:21:11'),
('18','60','1998-08-14 15:45:01'),
('18','72','2015-03-30 19:44:56'),
('18','92','1971-12-08 09:11:18'),
('18','100','1980-12-25 01:22:00'),
('19','11','1978-11-24 15:26:19'),
('19','13','2002-02-12 06:58:18'),
('19','15','1993-11-23 09:25:59'),
('19','16','1980-08-18 10:31:47'),
('19','17','1988-01-28 04:30:34'),
('19','27','2007-08-08 17:06:08'),
('19','33','1975-09-11 10:16:50'),
('19','47','2005-05-01 16:26:31'),
('19','50','1974-04-05 15:26:48'),
('19','52','2005-04-29 20:40:44'),
('19','59','1977-10-06 12:44:13'),
('19','66','1978-06-20 03:34:35'),
('19','71','1988-02-13 07:56:48'),
('19','72','1982-11-14 17:04:05'),
('19','73','2001-10-27 07:43:08'),
('19','74','2015-11-24 18:30:57'),
('19','77','1976-08-31 08:40:26'),
('19','88','2000-02-12 17:22:26'),
('19','89','2002-11-08 10:40:39'),
('19','90','1995-07-10 16:08:10'),
('19','94','1989-01-22 05:54:07'),
('19','98','1980-05-16 01:29:51'),
('19','100','1977-10-19 22:21:45'),
('20','1','2015-10-27 21:48:19'),
('20','5','1982-01-12 00:00:00'),
('20','33','1998-08-12 11:01:06'),
('20','57','2004-05-19 19:58:38'),
('20','58','1978-12-21 00:54:50'),
('20','59','2007-04-26 20:56:08'),
('20','62','1984-12-23 18:43:29'),
('20','67','1995-03-23 20:12:59'),
('20','69','1985-06-01 05:34:39'),
('20','70','2015-04-01 08:02:13'),
('20','71','2010-10-29 13:56:23'),
('20','74','2000-02-17 07:51:41'),
('20','85','1993-09-08 06:55:48'),
('20','86','2005-02-16 11:02:28'),
('20','88','1976-07-30 17:16:18'),
('20','89','2003-09-18 02:49:03'),
('20','93','1971-08-29 04:08:46'),
('20','94','1978-10-01 01:38:24'),
('20','98','1985-08-11 17:11:16'),
('21','2','2002-07-05 01:08:09'),
('21','5','2016-07-22 18:00:59'),
('21','9','2003-01-09 16:43:00'),
('21','10','1987-04-14 17:33:46'),
('21','12','1993-12-18 04:44:07'),
('21','22','2001-01-29 04:20:33'),
('21','25','1985-07-02 15:06:09'),
('21','37','2000-07-19 09:15:43'),
('21','38','1984-09-10 01:24:43'),
('21','40','2014-04-07 21:57:08'),
('21','42','2012-12-22 18:23:40'),
('21','43','1974-08-01 17:13:08'),
('21','53','1982-11-11 11:24:07'),
('21','62','1998-05-13 18:32:24'),
('21','68','1978-02-02 02:13:18'),
('21','73','1989-08-19 18:39:40'),
('21','81','2012-02-13 19:44:08'),
('21','82','1975-10-14 13:43:26'),
('21','83','1972-08-24 15:34:55'),
('21','93','1977-03-16 16:22:59'),
('21','100','2015-04-29 11:21:09'),
('22','1','1982-05-27 22:24:07'),
('22','6','1990-08-04 04:07:17'),
('22','7','1978-07-18 16:35:38'),
('22','16','2004-02-18 21:21:26'),
('22','18','2008-01-29 09:33:05'),
('22','20','1997-09-20 06:37:04'),
('22','23','1988-01-09 03:54:10'),
('22','25','2016-08-17 00:57:31'),
('22','27','2007-06-06 12:39:28'),
('22','28','2010-04-18 22:18:36'),
('22','29','1999-10-14 07:31:39'),
('22','32','1979-01-23 16:57:11'),
('22','42','1983-07-22 22:22:24'),
('22','46','2001-09-09 12:04:10'),
('22','48','2017-10-31 11:02:00'),
('22','68','1973-02-27 22:23:20'),
('22','72','2010-03-04 23:44:34'),
('22','73','1999-03-30 17:01:23'),
('22','82','1973-11-12 08:16:51'),
('22','83','2014-11-13 07:05:28'),
('22','86','2002-03-31 18:55:09'),
('22','91','1974-03-21 03:07:52'),
('22','96','2019-05-25 00:09:42'),
('23','5','1997-06-30 09:26:23'),
('23','6','1981-05-09 15:38:43'),
('23','10','1989-07-05 04:07:19'),
('23','17','1972-06-23 06:55:45'),
('23','19','2002-11-07 00:27:49'),
('23','23','1981-09-05 10:32:37'),
('23','24','1996-12-23 03:39:02'),
('23','25','1998-04-26 08:05:21'),
('23','26','2016-08-16 13:22:54'),
('23','31','1984-02-01 09:00:50'),
('23','45','1982-01-31 16:07:36'),
('23','51','2012-06-21 15:31:25'),
('23','53','1997-07-10 08:53:36'),
('23','58','2004-10-13 13:56:50'),
('23','59','2018-04-25 18:45:00'),
('23','60','2019-09-06 18:00:46'),
('23','66','2005-01-02 04:09:10'),
('23','67','1994-10-12 17:34:54'),
('23','69','2012-08-12 16:05:28'),
('23','71','1972-05-06 01:21:01'),
('23','77','1983-09-02 04:28:53'),
('23','84','1991-05-08 14:07:30'),
('23','94','1975-07-07 19:25:49'),
('23','96','1984-05-01 07:36:26'),
('24','3','2000-09-22 11:25:46'),
('24','6','2016-10-15 15:07:49'),
('24','7','2012-11-21 03:05:58'),
('24','9','2006-12-04 14:32:39'),
('24','14','1996-12-18 07:55:54'),
('24','18','1999-05-13 04:58:01'),
('24','28','1984-04-03 01:13:13'),
('24','35','2009-01-15 00:33:33'),
('24','36','1983-01-25 01:17:55'),
('24','45','2009-11-14 20:49:10'),
('24','47','2000-08-29 12:00:03'),
('24','49','2004-09-10 14:11:36'),
('24','52','1982-05-12 23:02:01'),
('24','53','1984-09-16 21:13:00'),
('24','56','1987-08-18 06:42:33'),
('24','59','1995-08-12 17:48:36'),
('24','60','2009-10-28 05:31:45'),
('24','68','2005-10-15 12:01:04'),
('24','72','1975-11-21 18:51:13'),
('24','80','1980-06-28 05:24:22'),
('24','81','1989-01-01 12:11:27'),
('24','86','2007-03-16 01:23:29'),
('24','87','1978-09-29 22:42:44'),
('24','92','2004-02-21 02:01:56'),
('24','96','1970-07-31 20:32:13'),
('24','100','2002-05-02 02:16:59'),
('25','4','1977-06-28 10:53:01'),
('25','7','1972-09-22 19:32:32'),
('25','14','1987-10-29 14:20:17'),
('25','17','1985-06-13 10:17:04'),
('25','20','1990-05-17 09:24:11'),
('25','21','1993-05-14 02:17:45'),
('25','28','1975-04-16 02:23:41'),
('25','34','1972-05-14 12:23:12'),
('25','36','1983-11-17 01:24:59'),
('25','37','1974-04-19 14:55:08'),
('25','44','2005-12-20 11:46:29'),
('25','45','1995-03-05 02:16:51'),
('25','47','1999-09-13 14:11:41'),
('25','49','1974-04-16 11:47:02'),
('25','50','1995-08-02 13:21:37'),
('25','63','2011-09-24 01:55:20'),
('25','67','1989-06-24 03:01:28'),
('25','69','2016-11-08 19:25:11'),
('25','75','1990-03-04 10:43:53'),
('25','78','1976-06-20 08:58:09'),
('25','92','1995-09-20 19:32:59'),
('25','93','1973-06-23 23:29:13'),
('25','96','2019-10-21 14:11:17'),
('25','99','1998-10-11 19:58:53'),
('26','11','2013-05-17 01:43:41'),
('26','12','1982-04-10 05:37:18'),
('26','18','1996-06-19 11:15:39'),
('26','22','2004-04-24 22:25:32'),
('26','23','2017-07-15 17:40:31'),
('26','24','2006-08-13 09:55:15'),
('26','30','1980-09-13 07:24:47'),
('26','32','1986-03-26 11:39:36'),
('26','33','1996-09-26 20:01:12'),
('26','35','1986-03-21 04:53:57'),
('26','36','2011-04-17 15:01:44'),
('26','38','2017-11-13 07:13:38'),
('26','41','2014-03-10 15:14:46'),
('26','51','1985-08-08 16:04:27'),
('26','56','2018-05-31 21:41:31'),
('26','64','1997-06-06 09:59:52'),
('26','69','2017-04-09 15:26:00'),
('26','82','1998-02-26 03:45:30'),
('26','91','2015-07-22 20:08:39'),
('26','94','1985-04-08 15:19:23'),
('26','95','1985-12-26 22:42:05'),
('26','96','2017-05-18 18:59:47'),
('26','97','1973-07-17 14:44:30'),
('26','99','1986-03-07 16:09:36'),
('27','1','1998-07-04 02:18:11'),
('27','11','2008-10-09 22:19:49'),
('27','14','1986-08-30 08:37:34'),
('27','24','2000-04-27 04:42:32'),
('27','26','2008-11-19 16:14:20'),
('27','32','1986-03-31 23:14:47'),
('27','34','1989-02-04 15:09:18'),
('27','43','1970-02-06 10:34:30'),
('27','47','1972-04-25 17:57:08'),
('27','62','1970-05-01 19:06:13'),
('27','63','2006-07-25 12:44:46'),
('27','66','1988-03-02 00:32:38'),
('27','67','1982-03-20 01:47:40'),
('27','68','2017-03-31 06:01:23'),
('27','69','2004-08-23 14:22:58'),
('27','72','2000-07-23 03:09:19'),
('27','77','1998-08-25 08:49:42'),
('27','86','2017-06-27 13:55:10'),
('27','87','1985-11-06 17:09:26'),
('27','95','1978-04-27 03:25:23'),
('28','2','2015-01-16 11:56:54'),
('28','5','1971-08-19 15:54:38'),
('28','7','2002-04-11 08:02:52'),
('28','9','1985-08-09 15:38:50'),
('28','14','2006-10-11 11:31:02'),
('28','22','1995-05-23 18:37:50'),
('28','27','1974-06-01 15:00:35'),
('28','33','1971-02-03 18:33:26'),
('28','43','1983-09-28 07:31:18'),
('28','48','2002-08-03 20:49:31'),
('28','50','2015-04-07 15:24:18'),
('28','53','1988-02-04 16:44:28'),
('28','61','1976-11-05 22:29:13'),
('28','66','1974-06-30 03:32:47'),
('28','72','1996-09-20 10:26:07'),
('28','76','2014-10-20 18:35:51'),
('28','79','1993-08-22 19:11:51'),
('28','83','1993-04-28 09:04:38'),
('28','87','1992-08-25 19:45:38'),
('28','88','1973-02-28 04:14:54'),
('28','89','2018-10-30 06:22:07'),
('28','92','1985-09-18 08:18:00'),
('28','97','1988-09-20 14:19:08'),
('28','100','1989-02-16 22:37:45'),
('29','1','2015-06-16 13:08:05'),
('29','3','1993-07-25 02:51:15'),
('29','8','1988-12-20 00:05:44'),
('29','12','1983-10-28 22:15:29'),
('29','25','2009-07-04 10:25:38'),
('29','28','2004-02-29 04:39:31'),
('29','29','2012-04-09 11:31:50'),
('29','30','1998-04-12 16:40:46'),
('29','37','2000-05-01 13:44:46'),
('29','38','2017-04-11 03:49:31'),
('29','44','2017-10-23 10:43:46'),
('29','45','1989-09-16 00:10:56'),
('29','50','2015-09-07 13:42:57'),
('29','55','1993-08-03 15:16:18'),
('29','56','1972-12-15 01:45:38'),
('29','72','1973-03-04 22:06:22'),
('29','78','2006-11-18 00:40:45'),
('29','83','2016-08-19 15:15:54'),
('29','91','1974-01-13 08:18:36'),
('29','97','1990-03-02 21:21:44'),
('29','98','1974-09-11 16:38:13'),
('29','100','1987-12-30 16:45:26'),
('30','1','2008-04-09 09:04:34'),
('30','5','1991-12-01 08:25:49'),
('30','7','1995-12-30 06:00:36'),
('30','13','1999-11-29 21:36:08'),
('30','14','2007-09-18 15:37:45'),
('30','28','1985-01-07 12:59:46'),
('30','29','1997-03-18 17:08:23'),
('30','31','2006-01-06 19:49:44'),
('30','33','1988-03-20 07:22:05'),
('30','38','1974-06-25 12:52:31'),
('30','47','1997-03-07 09:53:23'),
('30','54','2018-04-05 02:32:18'),
('30','62','2016-12-25 02:19:33'),
('30','67','1979-06-04 11:23:15'),
('30','74','1986-03-13 15:24:35'),
('30','78','1982-07-01 10:16:00'),
('30','80','2007-08-20 05:39:53'),
('30','83','2000-06-29 10:46:30'),
('30','95','2014-03-26 22:56:29'),
('31','4','2010-09-23 07:00:49'),
('31','5','2017-11-20 14:31:49'),
('31','13','2003-01-24 17:50:13'),
('31','21','1993-05-05 13:51:42'),
('31','22','2018-01-19 07:22:56'),
('31','25','1984-09-02 21:40:14'),
('31','30','1997-10-10 08:12:43'),
('31','31','1999-07-25 20:52:30'),
('31','38','1982-02-07 08:10:52'),
('31','39','2006-09-14 18:18:33'),
('31','45','1999-05-12 11:01:13'),
('31','48','2008-11-12 18:46:58'),
('31','55','1984-06-28 04:03:35'),
('31','57','1992-01-24 17:03:39'),
('31','59','1994-05-23 08:19:47'),
('31','68','2001-08-04 08:44:21'),
('31','75','2007-03-08 03:17:27'),
('31','82','2012-01-07 17:30:30'),
('31','92','2000-09-18 07:04:37'),
('31','96','2019-05-14 16:45:12'),
('31','99','1988-07-25 08:51:34'),
('32','2','1979-09-16 10:22:51'),
('32','6','1980-09-03 05:32:11'),
('32','28','1995-07-18 04:30:46'),
('32','36','2013-05-05 13:10:12'),
('32','49','2019-03-21 09:02:35'),
('32','50','1980-06-18 18:21:42'),
('32','56','1994-07-23 06:54:30'),
('32','64','1994-03-28 10:31:06'),
('32','74','1997-01-12 20:39:32'),
('32','77','1978-09-22 13:04:54'),
('32','80','1994-08-17 19:56:03'),
('32','85','2000-08-22 17:56:27'),
('32','92','1988-06-03 03:59:49'),
('32','94','1982-01-18 14:33:52'),
('32','95','1973-03-03 06:17:45'),
('32','96','2002-09-24 04:08:44'),
('32','97','1998-12-13 01:58:23'),
('32','98','1976-08-25 03:43:36'),
('33','4','2000-09-16 08:20:59'),
('33','6','1988-08-27 05:43:08'),
('33','21','1982-10-26 03:34:09'),
('33','32','1999-07-11 15:02:57'),
('33','34','2008-07-18 10:22:09'),
('33','42','1995-05-13 00:33:04'),
('33','48','1972-06-18 13:29:43'),
('33','59','1996-06-14 13:30:50'),
('33','65','1987-08-16 23:40:44'),
('33','70','1989-08-26 14:32:29'),
('33','73','2014-12-06 10:32:24'),
('33','74','2002-04-20 13:33:12'),
('33','77','1998-09-07 10:02:12'),
('33','78','1976-01-26 18:13:00'),
('33','87','1998-01-23 16:02:39'),
('34','1','1992-06-16 04:38:46'),
('34','3','1971-08-04 05:40:39'),
('34','4','1983-03-07 23:08:03'),
('34','6','2014-01-22 11:32:52'),
('34','17','1996-07-09 11:17:29'),
('34','21','1977-02-27 00:43:23'),
('34','28','2011-10-24 17:56:41'),
('34','36','1982-02-15 03:44:31'),
('34','46','2018-08-16 09:48:31'),
('34','49','1991-09-14 20:13:01'),
('34','58','1983-07-18 22:06:27'),
('34','64','2014-08-08 18:08:24'),
('34','71','2006-08-24 14:19:15'),
('34','72','1990-04-20 01:52:36'),
('34','76','1983-04-29 14:16:48'),
('34','85','1977-09-17 10:32:18'),
('35','4','1980-05-12 01:17:18'),
('35','6','2012-11-17 09:45:41'),
('35','19','2006-01-02 08:32:54'),
('35','21','1990-03-15 18:16:01'),
('35','29','2015-07-30 08:09:27'),
('35','39','2018-04-09 18:06:07'),
('35','49','1980-11-03 18:11:58'),
('35','51','1973-11-08 05:20:12'),
('35','52','2002-07-27 03:25:15'),
('35','60','1998-05-23 07:01:56'),
('35','75','1978-03-17 05:06:46'),
('35','76','1971-08-29 07:25:04'),
('35','80','1999-10-05 16:24:10'),
('35','82','1972-07-23 20:49:04'),
('35','88','1991-06-12 10:00:23'),
('35','93','1976-01-04 04:57:41'),
('36','1','1994-09-17 05:12:14'),
('36','2','1987-12-26 07:10:54'),
('36','5','2016-09-27 22:42:21'),
('36','12','2005-07-05 06:09:29'),
('36','13','1981-09-21 23:08:05'),
('36','16','2000-11-19 02:59:53'),
('36','20','1974-02-17 19:15:13'),
('36','21','1980-04-10 22:57:58'),
('36','22','1985-02-25 23:25:27'),
('36','31','2009-08-13 05:13:15'),
('36','35','2006-01-25 00:44:43'),
('36','37','2002-10-03 19:33:51'),
('36','39','1975-01-25 06:36:02'),
('36','49','1995-08-16 07:42:47'),
('36','50','2006-03-25 06:17:21'),
('36','51','1986-01-18 17:20:07'),
('36','53','2004-06-23 19:11:02'),
('36','58','1972-01-17 11:05:51'),
('36','60','1995-05-29 11:13:23'),
('36','76','1998-03-25 10:25:31'),
('36','81','1975-12-18 02:18:40'),
('36','83','2012-01-26 15:30:14'),
('36','86','1980-11-13 02:40:15'),
('36','94','1984-05-04 05:03:24'),
('36','97','1970-03-31 11:30:58'),
('37','11','2010-10-04 19:14:42'),
('37','16','1985-09-23 07:27:17'),
('37','28','2016-06-19 16:12:30'),
('37','33','1985-05-21 02:01:01'),
('37','38','2017-01-06 23:30:51'),
('37','47','2011-09-01 05:54:01'),
('37','50','1991-10-04 14:21:58'),
('37','51','2000-09-05 05:22:08'),
('37','53','1975-06-08 13:26:53'),
('37','61','2018-10-01 03:06:08'),
('37','64','1993-12-16 05:39:05'),
('37','65','1976-06-26 19:30:10'),
('37','67','2003-05-05 22:29:48'),
('37','70','1976-10-30 15:25:15'),
('37','71','2006-01-05 05:44:17'),
('37','79','2015-05-23 01:51:34'),
('37','87','1999-09-07 20:47:26'),
('37','88','1983-08-16 10:54:39'),
('37','95','2013-12-27 07:54:19'),
('37','96','1982-12-25 07:56:18'),
('37','98','1997-05-01 02:01:10'),
('37','99','1989-03-19 22:35:48'),
('38','8','1991-03-11 23:48:46'),
('38','10','2012-08-28 04:55:47'),
('38','19','2018-01-20 06:30:41'),
('38','24','2002-12-21 20:11:06'),
('38','33','1980-06-22 19:48:51'),
('38','34','1992-08-26 20:46:57'),
('38','35','1971-03-19 21:23:29'),
('38','36','1999-06-02 12:46:24'),
('38','37','1973-09-06 15:50:38'),
('38','39','1989-02-18 20:24:11'),
('38','44','1983-03-17 17:51:23'),
('38','46','2008-11-05 23:11:47'),
('38','51','2017-08-27 13:24:19'),
('38','55','2015-12-01 16:13:47'),
('38','61','1989-01-08 17:00:22'),
('38','62','1979-05-18 07:26:29'),
('38','72','2007-09-26 21:11:22'),
('38','78','1997-03-31 00:03:23'),
('38','79','2015-06-16 03:40:48'),
('38','82','2018-09-08 05:47:42'),
('38','90','1971-06-26 08:39:57'),
('38','94','1987-08-27 16:47:47'),
('39','2','1977-01-17 10:45:11'),
('39','4','1999-01-08 03:17:21'),
('39','7','1974-06-21 05:33:00'),
('39','8','2006-09-18 18:39:46'),
('39','9','1982-05-23 20:51:26'),
('39','11','1992-12-15 12:39:31'),
('39','19','1989-09-18 12:19:54'),
('39','20','2015-05-02 07:20:50'),
('39','23','1970-10-25 06:05:48'),
('39','24','2010-08-22 06:06:12'),
('39','29','1970-10-10 04:37:42'),
('39','30','2012-11-23 16:31:55'),
('39','41','1971-01-14 01:38:55'),
('39','47','1981-08-09 13:36:01'),
('39','51','1998-09-12 21:50:59'),
('39','55','2017-03-11 12:17:13'),
('39','68','1976-11-14 09:46:35'),
('39','69','2013-01-01 19:51:08'),
('39','70','1979-10-01 21:11:21'),
('39','76','1980-10-11 06:55:15'),
('39','86','2010-05-28 02:14:48'),
('39','90','1987-08-29 19:36:20'),
('40','3','2000-05-17 13:06:20'),
('40','4','2014-11-28 21:16:31'),
('40','10','2002-11-01 02:54:32'),
('40','11','1997-06-26 21:39:24'),
('40','13','2003-01-13 01:38:14'),
('40','15','2017-03-03 22:34:25'),
('40','26','2001-02-15 04:56:47'),
('40','28','2018-09-25 22:12:47'),
('40','44','1990-07-26 14:23:45'),
('40','46','1993-09-15 08:04:14'),
('40','51','1990-03-29 19:13:06'),
('40','57','2017-09-14 23:38:19'),
('40','59','1972-12-12 03:35:28'),
('40','71','1994-10-18 23:51:33'),
('40','73','1973-06-24 19:59:30'),
('40','75','1971-12-13 19:39:20'),
('40','77','1970-01-20 03:57:44'),
('40','86','2014-04-15 07:38:53'),
('40','87','1979-05-10 21:11:55'),
('41','7','1971-07-08 09:15:45'),
('41','8','1995-09-03 01:01:15'),
('41','10','2009-10-06 16:21:34'),
('41','14','1999-06-11 17:04:31'),
('41','31','1985-01-31 12:59:45'),
('41','32','2001-06-19 21:57:35'),
('41','40','2007-04-16 03:41:07'),
('41','45','2005-05-07 15:20:41'),
('41','56','2017-02-22 23:54:59'),
('41','57','2014-09-14 20:12:04'),
('41','67','1970-12-23 08:48:27'),
('41','69','1980-09-21 20:52:55'),
('41','71','1982-02-17 21:01:12'),
('41','77','1970-03-23 02:13:32'),
('41','81','1996-05-22 22:06:01'),
('41','88','2016-03-15 12:59:57'),
('41','98','1979-05-04 12:06:26'),
('42','14','1991-11-07 09:10:32'),
('42','20','1995-05-29 04:52:45'),
('42','21','2004-03-15 10:33:49'),
('42','28','2003-12-15 18:45:02'),
('42','31','2017-12-27 22:24:22'),
('42','32','2003-09-01 10:26:34'),
('42','42','1984-04-12 16:46:15'),
('42','49','1990-08-14 08:44:34'),
('42','53','2016-09-20 15:11:31'),
('42','55','2005-12-28 16:26:45'),
('42','56','2002-10-08 19:10:51'),
('42','57','1971-10-18 01:30:30'),
('42','59','1994-01-16 15:15:32'),
('42','65','2010-06-25 02:01:57'),
('42','69','1986-05-05 03:11:03'),
('42','78','1995-08-25 09:12:19'),
('42','85','1994-05-20 11:23:55'),
('42','86','2004-05-20 00:22:20'),
('42','98','2011-11-17 22:45:39'),
('43','10','2014-11-08 18:47:16'),
('43','13','2011-05-24 19:35:18'),
('43','16','1986-07-06 07:43:57'),
('43','19','2009-03-08 08:09:43'),
('43','21','1992-02-05 02:33:20'),
('43','23','2010-02-18 18:42:21'),
('43','24','2017-12-29 08:15:17'),
('43','26','2017-06-10 06:47:51'),
('43','29','1997-09-22 08:42:34'),
('43','32','1980-02-26 01:07:51'),
('43','35','2005-09-13 15:07:55'),
('43','39','1995-02-20 11:47:00'),
('43','46','1986-11-05 21:20:57'),
('43','48','1999-10-01 14:00:57'),
('43','61','2007-10-28 06:34:03'),
('43','64','2004-02-27 08:00:25'),
('43','67','1999-07-03 20:17:09'),
('43','72','2005-02-16 14:16:42'),
('43','84','1980-07-28 08:04:59'),
('43','86','1994-09-11 03:45:50'),
('43','88','2001-11-29 15:30:06'),
('43','89','1971-07-15 15:46:47'),
('43','90','1970-09-03 21:35:08'),
('43','93','2011-04-29 16:27:47'),
('43','96','1984-09-17 04:00:50'),
('44','6','1978-02-15 22:41:42'),
('44','11','1985-11-22 01:46:18'),
('44','13','2016-09-22 08:49:43'),
('44','15','2015-09-24 12:13:56'),
('44','19','1975-01-23 20:04:15'),
('44','23','1994-07-11 13:01:04'),
('44','24','1970-08-11 03:09:09'),
('44','30','2018-11-07 19:33:56'),
('44','36','2014-03-18 10:41:22'),
('44','48','2012-04-30 15:25:29'),
('44','49','1987-03-08 03:42:38'),
('44','57','1980-11-22 03:58:01'),
('44','60','1996-05-05 18:53:34'),
('44','63','1990-07-01 06:02:00'),
('44','70','2019-05-28 19:25:28'),
('44','71','2014-07-15 09:36:55'),
('44','79','2019-08-23 09:38:15'),
('44','84','2017-09-28 07:13:31'),
('44','89','2006-12-16 06:17:45'),
('44','90','1970-05-02 07:46:18'),
('44','93','2016-06-05 01:58:36'),
('44','94','1974-09-06 03:44:42'),
('45','6','1991-10-20 15:32:52'),
('45','13','1974-06-09 04:27:43'),
('45','14','2017-08-15 01:53:43'),
('45','22','2007-08-06 02:24:33'),
('45','32','1993-10-05 11:04:32'),
('45','37','1996-01-21 11:02:32'),
('45','42','2001-03-02 23:18:54'),
('45','46','1999-10-27 08:12:21'),
('45','49','1975-07-10 13:30:16'),
('45','50','1988-08-25 18:44:39'),
('45','64','1988-03-25 10:19:07'),
('45','65','1979-04-13 01:51:30'),
('45','67','1972-10-25 00:11:26'),
('45','69','2014-03-30 16:08:18'),
('45','70','1986-02-14 09:50:44'),
('45','81','1999-10-18 23:48:27'),
('45','84','1995-12-08 18:58:08'),
('45','88','2015-02-04 12:26:23'),
('45','95','1997-09-10 02:47:46'),
('45','99','2006-03-04 16:14:44'),
('45','100','2015-06-23 15:14:47'),
('46','3','1995-12-08 16:05:26'),
('46','9','1989-12-06 13:35:08'),
('46','12','1985-01-02 13:39:34'),
('46','15','2002-07-21 17:47:30'),
('46','19','2016-06-29 06:23:21'),
('46','22','2017-11-18 11:08:56'),
('46','25','1978-02-21 12:52:11'),
('46','39','1971-08-24 14:13:38'),
('46','40','1991-07-28 21:50:40'),
('46','53','2015-02-25 02:41:57'),
('46','60','1985-04-01 07:25:38'),
('46','62','1982-05-21 21:49:10'),
('46','68','1990-09-28 18:37:13'),
('46','72','1989-07-05 22:27:35'),
('46','84','1987-10-18 13:10:56'),
('46','86','1990-10-03 22:45:36'),
('46','91','2013-02-28 01:30:06'),
('46','95','1992-04-29 00:35:28'),
('46','96','2017-09-02 10:43:46'),
('46','97','1996-12-24 08:48:27'),
('46','98','1994-10-11 02:02:00'),
('46','100','1981-06-16 04:55:06'),
('47','5','2005-10-16 23:20:22'),
('47','15','1983-04-06 07:51:10'),
('47','17','2013-04-20 07:51:49'),
('47','19','1974-05-17 21:02:11'),
('47','23','2006-06-21 08:10:00'),
('47','37','2010-07-27 09:18:41'),
('47','41','2010-06-30 01:22:30'),
('47','43','1991-12-06 08:57:41'),
('47','45','2014-07-12 02:34:39'),
('47','48','2002-03-27 01:29:38'),
('47','53','2015-10-29 04:41:27'),
('47','54','2011-05-06 17:19:38'),
('47','57','1988-04-09 05:26:44'),
('47','65','1970-07-24 15:06:25'),
('47','69','1989-09-25 12:33:21'),
('47','79','2012-11-14 07:16:52'),
('47','81','2003-07-14 05:47:10'),
('47','93','2011-04-21 16:26:01'),
('47','97','2006-12-23 22:36:46'),
('48','1','1971-12-15 09:49:43'),
('48','3','1990-03-27 14:33:53'),
('48','8','2018-05-13 01:09:05'),
('48','9','1979-10-23 00:32:08'),
('48','10','2016-02-19 11:44:56'),
('48','11','2005-05-25 07:52:42'),
('48','16','1982-09-19 22:09:45'),
('48','18','1990-01-21 14:32:23'),
('48','20','1971-06-21 01:53:46'),
('48','28','2000-08-18 23:13:05'),
('48','29','1992-10-14 11:31:42'),
('48','32','2006-08-22 13:09:39'),
('48','33','2010-11-14 09:55:35'),
('48','37','2019-02-26 18:42:22'),
('48','38','1984-03-23 19:00:00'),
('48','41','1974-04-04 06:15:43'),
('48','43','1985-05-20 14:24:02'),
('48','51','2003-01-15 07:48:51'),
('48','58','1996-12-29 19:43:27'),
('48','65','2003-07-30 02:26:26'),
('48','77','1981-12-28 20:44:55'),
('48','82','2018-03-18 12:48:16'),
('48','85','1979-12-05 20:26:42'),
('48','92','1995-08-08 03:15:00'),
('48','99','1975-05-22 13:41:54'),
('48','100','1981-11-12 22:34:41'),
('49','10','1996-06-23 20:55:14'),
('49','12','1983-06-03 20:47:21'),
('49','16','1970-06-16 23:13:21'),
('49','22','1986-03-27 15:54:30'),
('49','23','1981-05-01 16:20:47'),
('49','25','1982-02-12 11:31:18'),
('49','28','2010-11-21 21:50:18'),
('49','37','2002-05-18 16:29:35'),
('49','46','1979-09-20 07:40:48'),
('49','47','1992-03-25 02:57:25'),
('49','53','2010-10-08 09:28:45'),
('49','58','1992-05-15 06:09:58'),
('49','67','2004-10-15 18:47:12'),
('49','71','1977-03-26 21:18:54'),
('49','73','2010-12-06 07:17:32'),
('49','77','1981-12-20 00:09:01'),
('49','81','1989-01-10 10:51:08'),
('49','91','2004-06-27 22:49:52'),
('49','96','2000-05-06 22:16:42'),
('50','8','1976-04-02 16:54:14'),
('50','11','1982-03-08 15:41:09'),
('50','14','1981-11-24 15:00:52'),
('50','18','2008-10-07 23:02:48'),
('50','25','1975-02-14 12:39:09'),
('50','27','2000-02-09 09:31:47'),
('50','32','1990-03-08 21:25:25'),
('50','38','1978-02-01 19:35:05'),
('50','39','2003-03-08 15:39:10'),
('50','40','1985-05-06 05:36:01'),
('50','44','1996-07-14 11:24:40'),
('50','48','2014-01-25 09:40:12'),
('50','49','1996-08-13 01:54:38'),
('50','52','2009-01-11 23:59:59'),
('50','59','2014-02-16 20:53:51'),
('50','64','2015-07-03 21:35:35'),
('50','70','1987-12-06 06:40:58'),
('50','72','1990-06-27 05:48:18'),
('50','73','1993-04-29 06:12:18'),
('50','76','2005-03-30 22:57:03'),
('50','84','2003-08-07 17:40:10'),
('50','88','2018-11-08 19:41:59'),
('50','90','1996-10-27 04:03:57'),
('50','95','2012-04-26 07:55:10'),
('51','12','2004-10-30 01:14:28'),
('51','14','1989-12-01 18:01:20'),
('51','17','2006-11-20 09:23:49'),
('51','29','1991-01-14 03:35:43'),
('51','40','1984-02-18 00:18:28'),
('51','43','1981-06-18 21:55:28'),
('51','48','1998-06-15 01:46:11'),
('51','57','1991-11-02 06:11:11'),
('51','63','1996-01-01 05:56:24'),
('51','65','2005-10-16 18:39:47'),
('51','67','1985-08-20 20:59:36'),
('51','71','2000-04-23 10:57:43'),
('51','78','1990-04-09 17:11:54'),
('51','81','2019-09-17 07:55:00'),
('51','82','1979-05-26 09:01:31'),
('51','84','2006-02-23 12:27:55'),
('51','87','2008-11-22 23:52:11'),
('51','91','2000-11-13 19:31:39'),
('51','96','2016-05-11 16:56:50'),
('52','2','2009-11-22 05:47:56'),
('52','3','1971-12-30 22:39:06'),
('52','17','2010-05-12 10:25:00'),
('52','20','2012-01-31 20:54:14'),
('52','21','1990-01-04 04:26:53'),
('52','41','2005-12-25 02:11:02'),
('52','42','2004-09-25 15:42:49'),
('52','46','1974-11-01 08:42:08'),
('52','47','1998-06-15 03:20:53'),
('52','58','2016-09-06 08:48:10'),
('52','62','2004-02-09 13:04:55'),
('52','63','1993-03-07 13:38:49'),
('52','68','2010-11-03 13:15:59'),
('52','73','1998-12-13 22:31:46'),
('52','77','1993-12-31 09:24:59'),
('52','85','1988-12-16 03:57:07'),
('52','87','1994-08-20 22:04:38'),
('52','89','1985-02-23 19:04:24'),
('52','96','2018-06-19 10:50:17'),
('52','99','1988-11-23 18:53:19'),
('53','4','1974-02-12 11:27:37'),
('53','5','1983-06-09 20:54:10'),
('53','12','2006-10-01 18:37:45'),
('53','17','2007-05-29 20:39:53'),
('53','20','2011-10-11 20:47:11'),
('53','23','1975-06-17 01:49:46'),
('53','25','1970-10-31 14:39:38'),
('53','31','2013-12-15 11:57:14'),
('53','35','2017-06-04 13:51:50'),
('53','36','2019-04-14 16:18:43'),
('53','40','2005-11-18 01:28:39'),
('53','47','2008-06-05 12:55:02'),
('53','54','1999-07-27 09:59:25'),
('53','56','1971-05-21 09:42:41'),
('53','63','1993-01-31 11:19:26'),
('53','70','1986-12-03 23:30:21'),
('53','71','2014-05-04 01:12:42'),
('53','77','1990-05-03 20:25:17'),
('53','85','2004-10-13 13:50:18'),
('53','95','1972-08-19 06:06:20'),
('54','4','1988-03-25 20:37:54'),
('54','10','1996-09-04 05:18:41'),
('54','18','1979-05-27 07:05:59'),
('54','19','2016-10-13 17:31:36'),
('54','45','2006-08-01 08:31:02'),
('54','53','2007-11-02 12:18:40'),
('54','57','2003-08-04 22:53:59'),
('54','64','1975-01-06 16:44:05'),
('54','67','1984-01-07 20:34:46'),
('54','69','1987-12-27 10:26:42'),
('54','70','2001-10-26 02:38:47'),
('54','72','1980-02-06 01:11:45'),
('54','78','2004-02-14 02:04:22'),
('54','82','1989-02-05 11:31:31'),
('54','91','2013-08-23 22:54:53'),
('54','100','1989-04-08 05:36:45'),
('55','3','1999-01-06 14:18:51'),
('55','10','1988-11-01 00:15:32'),
('55','13','2014-01-22 13:49:16'),
('55','31','1974-03-09 05:03:22'),
('55','34','1994-01-26 19:28:15'),
('55','39','2005-08-17 14:14:43'),
('55','40','1975-04-29 07:40:07'),
('55','41','1998-04-22 14:28:17'),
('55','42','1971-09-16 05:46:54'),
('55','43','2013-07-30 06:12:04'),
('55','44','1974-10-29 00:56:58'),
('55','46','2002-03-07 17:19:19'),
('55','52','2012-08-12 05:29:20'),
('55','55','2018-01-16 19:17:59'),
('55','56','2007-12-04 07:59:19'),
('55','60','1986-02-09 21:36:23'),
('55','78','2014-01-27 23:31:48'),
('55','90','1983-04-05 08:34:17'),
('55','94','1994-08-16 17:00:35'),
('56','2','2003-04-03 17:57:01'),
('56','4','1982-11-14 06:29:51'),
('56','8','1989-04-10 20:58:52'),
('56','10','2006-03-01 02:22:16'),
('56','12','2005-01-31 12:04:38'),
('56','19','2013-10-28 14:10:03'),
('56','23','2019-07-23 04:39:20'),
('56','25','2014-04-25 15:45:59'),
('56','39','2016-03-23 06:19:34'),
('56','45','2001-04-03 13:03:02'),
('56','49','1984-09-24 09:01:49'),
('56','51','2019-08-03 07:14:33'),
('56','55','2011-06-05 02:39:28'),
('56','59','2004-07-18 00:09:26'),
('56','62','1987-10-21 19:21:03'),
('56','63','2018-06-23 14:03:14'),
('56','65','1977-03-21 03:28:24'),
('56','69','2004-04-27 23:13:17'),
('56','71','1986-07-20 22:36:31'),
('56','74','2009-08-26 13:26:36'),
('56','79','1987-04-10 21:14:45'),
('56','87','1995-03-21 01:05:54'),
('56','89','1987-06-20 17:55:58'),
('56','99','2012-07-27 20:53:19'),
('57','5','2013-11-08 04:41:21'),
('57','9','2015-06-01 06:23:32'),
('57','21','2012-09-03 01:47:52'),
('57','26','1999-11-04 15:46:27'),
('57','34','1978-03-21 10:43:22'),
('57','39','2010-09-13 05:35:52'),
('57','52','2005-11-04 09:05:28'),
('57','53','1972-11-11 01:42:33'),
('57','60','2019-08-19 12:51:56'),
('57','63','2015-08-31 23:53:54'),
('57','65','1977-11-05 15:38:59'),
('57','66','1974-04-16 12:26:53'),
('57','75','1972-02-23 22:38:09'),
('57','76','1971-09-16 22:32:28'),
('57','80','1985-12-25 10:56:15'),
('57','95','1977-12-05 00:23:33'),
('57','98','1998-01-11 07:54:15'),
('57','99','1982-03-31 16:33:55'),
('58','3','2016-01-27 21:23:44'),
('58','6','2012-12-12 01:06:59'),
('58','10','2004-12-19 21:50:35'),
('58','31','2009-09-01 12:31:15'),
('58','33','1975-03-05 20:45:44'),
('58','35','1973-04-16 19:27:36'),
('58','37','1986-03-19 15:30:07'),
('58','40','2008-11-03 16:25:52'),
('58','41','2002-01-24 01:34:11'),
('58','47','1996-01-03 12:18:01'),
('58','52','2018-05-02 21:47:09'),
('58','55','2001-04-08 04:58:48'),
('58','58','1994-05-21 14:47:21'),
('58','73','2003-02-23 06:12:59'),
('58','74','1980-12-06 03:57:16'),
('58','98','1975-01-09 08:28:17'),
('58','99','2008-01-08 19:27:09'),
('59','3','1985-06-01 14:48:02'),
('59','8','2008-01-30 01:06:41'),
('59','22','1970-06-19 14:04:01'),
('59','29','1973-04-21 22:50:07'),
('59','36','1985-08-03 18:34:26'),
('59','38','2001-01-08 21:09:58'),
('59','44','1991-02-25 17:25:36'),
('59','57','1987-01-14 11:11:01'),
('59','62','2010-01-29 02:58:13'),
('59','63','1988-03-22 19:14:33'),
('59','79','1974-05-20 15:59:18'),
('59','81','1996-07-15 08:57:43'),
('59','82','1998-05-16 11:04:59'),
('59','86','1982-12-09 22:25:04'),
('59','92','1995-11-09 16:10:31'),
('60','2','2002-04-14 06:10:14'),
('60','5','1996-05-01 03:21:38'),
('60','7','1980-02-08 10:38:36'),
('60','9','1998-12-01 09:07:25'),
('60','14','2016-09-18 19:37:17'),
('60','16','1979-03-25 12:39:11'),
('60','20','1994-02-02 10:46:15'),
('60','31','1972-07-25 01:57:44'),
('60','36','1983-01-09 21:48:51'),
('60','41','2002-12-05 02:12:42'),
('60','49','1980-10-15 00:41:05'),
('60','64','2004-06-03 15:20:45'),
('60','67','1980-11-12 14:01:33'),
('60','82','2007-02-28 07:08:08'),
('60','94','2004-04-22 09:30:06'),
('60','98','1996-04-07 13:37:53'),
('61','1','2009-06-11 19:32:09'),
('61','21','2000-01-29 00:05:32'),
('61','30','1983-08-19 00:42:50'),
('61','31','1986-01-29 20:31:01'),
('61','36','1987-09-24 17:12:39'),
('61','38','1981-04-25 23:04:20'),
('61','40','2016-08-10 07:10:25'),
('61','44','1978-08-28 23:08:32'),
('61','45','1984-07-10 15:04:09'),
('61','50','2007-02-24 19:40:03'),
('61','51','1998-10-21 13:52:21'),
('61','53','1978-09-10 20:56:14'),
('61','55','1990-03-05 19:04:08'),
('61','58','2013-09-24 23:55:23'),
('61','60','2004-03-17 07:40:19'),
('61','63','1970-05-09 03:32:52'),
('61','67','1974-12-26 12:45:14'),
('61','74','2012-10-25 04:46:05'),
('61','75','2013-03-11 19:25:09'),
('61','86','1985-07-21 07:03:09'),
('61','87','2015-01-11 15:54:33'),
('61','89','2007-01-02 09:25:26'),
('61','92','1996-12-25 19:09:23'),
('61','98','2006-10-25 17:03:58'),
('61','99','1995-01-08 17:54:19'),
('61','100','1996-11-18 06:21:27'),
('62','9','1974-08-15 05:08:40'),
('62','18','1994-09-17 21:35:36'),
('62','19','1979-04-29 11:11:51'),
('62','21','1997-06-07 13:48:05'),
('62','22','1979-11-30 07:31:55'),
('62','23','1973-09-22 21:05:23'),
('62','24','1980-05-21 07:27:12'),
('62','30','2002-02-15 22:55:25'),
('62','33','1991-07-15 06:47:46'),
('62','39','1985-07-20 23:30:16'),
('62','43','1977-06-25 12:10:15'),
('62','48','1996-04-18 13:52:43'),
('62','49','1977-10-28 08:55:37'),
('62','57','2007-01-23 13:41:05'),
('62','62','1994-09-25 01:13:13'),
('62','75','2006-06-13 19:59:22'),
('62','79','1975-01-14 16:19:57'),
('62','80','2005-01-08 12:28:20'),
('62','81','2008-06-06 08:01:53'),
('62','84','2015-03-28 06:59:52'),
('62','85','1993-08-26 01:42:36'),
('62','94','1990-06-02 16:10:19'),
('63','5','1996-07-04 16:33:20'),
('63','6','1976-02-28 12:27:59'),
('63','7','1989-04-06 08:57:17'),
('63','8','2013-03-23 09:35:15'),
('63','10','1997-05-16 19:34:47'),
('63','11','2017-12-24 23:39:42'),
('63','16','1985-07-09 17:51:20'),
('63','26','1979-10-19 08:12:59'),
('63','29','1978-08-19 16:40:40'),
('63','31','2012-07-15 21:21:16'),
('63','34','2009-06-17 14:42:20'),
('63','35','2009-08-12 04:15:29'),
('63','45','1993-05-02 02:33:25'),
('63','56','2015-03-09 16:11:00'),
('63','57','1998-06-07 10:52:38'),
('63','62','2002-02-26 12:39:49'),
('63','68','1975-04-10 00:00:47'),
('63','72','2013-09-10 12:11:51'),
('63','77','1998-11-23 00:06:09'),
('63','83','2003-11-04 11:00:09'),
('63','86','1977-08-07 20:14:44'),
('63','87','1979-11-06 23:02:15'),
('64','3','2005-05-02 08:49:21'),
('64','7','1973-08-26 09:43:30'),
('64','30','1970-03-31 21:45:55'),
('64','33','2000-03-20 12:52:31'),
('64','42','1979-03-21 22:17:00'),
('64','44','1976-01-27 18:23:27'),
('64','51','1995-03-14 20:45:19'),
('64','56','1997-12-28 17:42:49'),
('64','64','2012-02-03 04:22:51'),
('64','70','2014-10-11 20:32:19'),
('64','81','1988-03-15 19:11:47'),
('64','89','1981-09-10 09:01:47'),
('64','93','2005-03-19 22:21:25'),
('65','2','1985-08-29 15:10:39'),
('65','3','2013-02-06 11:16:24'),
('65','6','1989-05-11 09:23:40'),
('65','8','1979-05-25 19:32:55'),
('65','9','1978-12-30 13:42:20'),
('65','19','1992-01-13 11:13:52'),
('65','28','2009-12-22 10:47:14'),
('65','30','1993-06-08 04:54:55'),
('65','32','1999-04-17 12:04:54'),
('65','33','1988-01-31 04:04:20'),
('65','35','1983-09-30 05:18:38'),
('65','37','2014-06-16 14:00:41'),
('65','39','2002-06-04 17:15:46'),
('65','50','1986-06-18 21:31:05'),
('65','54','2016-02-12 10:07:01'),
('65','61','2016-03-26 15:15:08'),
('65','65','1997-02-20 08:30:59'),
('65','66','1975-07-24 20:43:13'),
('65','88','1983-06-26 19:40:45'),
('65','100','2001-08-19 03:53:32'),
('66','19','1971-01-27 23:11:10'),
('66','23','2008-01-22 11:04:13'),
('66','26','2003-04-20 22:05:12'),
('66','27','1975-01-25 08:43:21'),
('66','34','1995-03-18 11:22:17'),
('66','36','1996-11-16 13:01:12'),
('66','57','1976-01-26 06:07:47'),
('66','58','1993-02-12 19:52:28'),
('66','59','1987-03-21 01:00:46'),
('66','67','2011-05-11 22:45:13'),
('66','71','1999-06-03 17:10:35'),
('66','75','2012-06-08 22:54:15'),
('66','76','1979-12-30 13:58:20'),
('66','78','1981-07-12 09:25:41'),
('66','81','2017-10-24 23:44:21'),
('66','83','2019-08-18 22:02:30'),
('66','89','2005-04-19 21:50:30'),
('66','97','2018-01-06 08:28:02'),
('66','99','2000-02-07 20:36:33'),
('67','4','2003-09-12 04:40:49'),
('67','5','1981-02-12 20:33:02'),
('67','6','2009-03-25 03:11:03'),
('67','10','1989-05-04 17:44:33'),
('67','12','1975-06-21 04:01:25'),
('67','20','2006-12-26 20:25:03'),
('67','24','1985-08-21 18:19:01'),
('67','29','1975-11-27 16:27:40'),
('67','33','1997-11-25 14:14:38'),
('67','34','2008-03-06 13:08:25'),
('67','35','1991-07-21 18:08:46'),
('67','42','2002-05-16 05:57:12'),
('67','46','2000-08-13 06:31:38'),
('67','54','1993-08-18 10:49:55'),
('67','65','2018-05-21 14:34:05'),
('67','69','2017-10-23 02:35:54'),
('67','70','1983-11-21 05:44:50'),
('67','75','2004-11-11 11:39:48'),
('67','85','2004-10-22 17:36:10'),
('67','87','1989-05-10 23:13:41'),
('67','93','1974-01-14 16:05:55'),
('68','1','2007-01-25 16:42:33'),
('68','3','2009-12-20 11:52:11'),
('68','13','1998-05-18 00:32:09'),
('68','18','1979-11-15 21:07:27'),
('68','32','2013-06-05 19:56:20'),
('68','39','1978-02-14 19:58:31'),
('68','42','2005-11-27 01:15:47'),
('68','51','1980-11-05 08:43:36'),
('68','56','2005-12-24 23:15:51'),
('68','60','1999-09-19 03:29:44'),
('68','61','1998-05-23 05:21:29'),
('68','70','1999-08-25 17:29:05'),
('68','76','1989-11-20 20:13:10'),
('68','77','2008-07-03 03:28:53'),
('68','84','1992-05-09 23:29:48'),
('68','93','2013-05-22 13:24:45'),
('68','97','1992-06-30 01:01:41'),
('68','98','1998-11-08 20:17:58'),
('69','11','1971-01-17 06:00:59'),
('69','15','2010-01-18 16:58:42'),
('69','18','1990-09-06 23:51:54'),
('69','22','2014-05-16 19:02:18'),
('69','32','1979-02-02 07:35:28'),
('69','39','2003-10-17 18:55:38'),
('69','43','1985-05-26 23:42:01'),
('69','49','1976-01-19 10:25:24'),
('69','62','1983-08-22 11:17:30'),
('69','68','1994-03-31 13:12:13'),
('69','77','1971-10-01 05:01:37'),
('69','79','1998-10-13 14:23:04'),
('69','83','1970-11-14 01:07:49'),
('69','85','2003-04-05 21:50:01'),
('69','92','1994-12-22 09:06:11'),
('69','93','1973-06-08 11:22:07'),
('70','3','2007-11-21 11:27:38'),
('70','8','2017-10-19 18:36:30'),
('70','14','1977-08-02 21:58:54'),
('70','17','2019-05-04 05:37:05'),
('70','19','2004-03-15 04:31:12'),
('70','20','1970-12-10 07:53:26'),
('70','21','1990-12-29 20:21:56'),
('70','30','1989-12-03 02:58:29'),
('70','32','2014-05-01 18:43:15'),
('70','34','1983-05-20 14:21:46'),
('70','36','1980-01-20 05:37:39'),
('70','39','1971-11-23 17:10:07'),
('70','41','2003-07-26 13:28:27'),
('70','54','2014-01-01 21:54:29'),
('70','56','2010-05-19 05:13:10'),
('70','57','1983-10-06 11:51:29'),
('70','58','1987-07-02 19:42:39'),
('70','59','1992-04-13 21:07:59'),
('70','61','1990-12-22 03:06:44'),
('70','77','2009-07-28 06:27:03'),
('70','80','1985-05-23 13:30:23'),
('70','86','2016-08-18 17:57:07'),
('71','1','1974-04-05 20:06:12'),
('71','6','2002-08-26 03:20:48'),
('71','30','1974-08-07 10:57:08'),
('71','37','2011-11-18 16:18:04'),
('71','40','2014-09-28 20:53:24'),
('71','41','1977-05-22 20:32:52'),
('71','42','1990-03-13 15:14:14'),
('71','43','1975-06-08 14:32:35'),
('71','49','1970-05-10 10:29:11'),
('71','53','2000-05-26 23:22:48'),
('71','56','1971-12-06 08:54:10'),
('71','64','2002-02-14 01:08:02'),
('71','68','2009-09-23 07:42:43'),
('71','71','1990-11-21 03:16:56'),
('71','75','2000-02-19 00:46:07'),
('71','84','1970-01-14 15:16:37'),
('71','89','1995-12-20 07:23:25'),
('71','90','2014-11-22 15:40:58'),
('71','95','2012-06-17 14:36:46'),
('72','12','1994-03-29 14:24:37'),
('72','18','2013-03-01 04:17:36'),
('72','19','2009-09-01 14:48:11'),
('72','23','1973-03-21 22:48:06'),
('72','26','1983-06-01 14:18:05'),
('72','27','1970-09-14 21:41:07'),
('72','34','1973-10-19 01:56:40'),
('72','38','2014-10-31 17:57:08'),
('72','47','1984-01-25 13:32:54'),
('72','48','2008-04-22 07:04:29'),
('72','69','1985-05-22 08:02:25'),
('72','73','1992-02-25 20:18:24'),
('72','80','2012-05-23 19:33:47'),
('72','82','2019-08-05 03:38:58'),
('72','89','1991-05-16 14:59:03'),
('72','93','1985-03-10 19:20:27'),
('72','95','1986-05-03 23:46:07'),
('72','96','2015-06-22 12:57:45'),
('72','98','1972-02-10 03:25:42'),
('73','11','2009-06-29 07:51:09'),
('73','12','1975-08-04 21:58:36'),
('73','13','1998-10-03 13:58:45'),
('73','16','2005-12-13 20:22:21'),
('73','17','1999-12-08 17:07:31'),
('73','22','2000-04-22 19:55:40'),
('73','25','1977-09-06 00:12:39'),
('73','35','1980-11-14 19:37:09'),
('73','39','1996-09-14 20:00:09'),
('73','41','1986-02-18 10:29:49'),
('73','50','2005-04-07 05:31:36'),
('73','59','1994-01-24 15:10:13'),
('73','72','1985-12-11 09:55:20'),
('73','76','2014-06-13 01:33:27'),
('73','78','2016-05-13 12:41:23'),
('73','79','2010-01-14 04:50:11'),
('73','80','2005-06-05 07:56:45'),
('73','81','1986-01-22 05:54:01'),
('73','82','2005-05-08 09:13:16'),
('73','90','1975-12-27 09:12:57'),
('73','99','2001-07-02 22:04:56'),
('74','9','2016-12-23 20:33:48'),
('74','11','1997-06-04 21:46:36'),
('74','13','2004-07-29 11:42:39'),
('74','14','2016-05-23 10:02:46'),
('74','32','2009-03-29 20:07:38'),
('74','41','2003-05-17 22:48:03'),
('74','45','1991-04-22 17:34:37'),
('74','48','1970-12-27 17:44:25'),
('74','58','1989-10-16 00:30:36'),
('74','64','1989-03-27 14:06:28'),
('74','67','2008-01-24 23:50:26'),
('74','68','1999-05-03 04:40:47'),
('74','75','1974-11-16 04:14:28'),
('74','82','1977-09-22 23:10:31'),
('74','92','2016-11-07 07:34:02'),
('74','98','2002-12-24 13:57:19'),
('75','3','2002-06-18 23:22:56'),
('75','4','2004-09-29 07:30:36'),
('75','5','1970-09-04 03:59:31'),
('75','9','2005-10-31 03:04:57'),
('75','13','2014-06-07 17:34:55'),
('75','15','1998-08-03 07:17:08'),
('75','16','1977-10-18 08:57:25'),
('75','19','2015-11-12 22:32:26'),
('75','21','1974-12-02 07:45:53'),
('75','31','1988-12-05 01:49:40'),
('75','36','2017-08-07 00:15:27'),
('75','39','1981-08-14 19:06:21'),
('75','44','1992-01-15 20:19:44'),
('75','45','2017-10-16 06:11:24'),
('75','46','2001-06-26 00:06:32'),
('75','54','1982-03-18 22:17:38'),
('75','55','2008-08-23 01:51:57'),
('75','56','1980-03-01 01:34:03'),
('75','78','1991-08-10 20:50:50'),
('75','79','2014-01-02 18:31:01'),
('75','80','2009-12-05 23:26:57'),
('75','84','1985-01-06 20:04:33'),
('76','5','2017-03-24 19:59:20'),
('76','10','2008-01-02 20:53:28'),
('76','19','1994-10-26 10:40:36'),
('76','20','1975-12-26 06:29:13'),
('76','30','1982-12-12 03:24:56'),
('76','33','2008-09-21 07:31:29'),
('76','38','1996-09-04 04:27:08'),
('76','39','1986-01-14 17:24:23'),
('76','60','1990-02-14 07:15:37'),
('76','77','2016-06-05 11:21:47'),
('76','79','1975-10-23 11:15:06'),
('76','84','1999-06-12 02:22:41'),
('76','88','1993-10-19 17:21:39'),
('76','91','2005-11-03 14:06:02'),
('76','96','1974-05-28 13:04:02'),
('77','4','1987-10-16 01:44:31'),
('77','15','2007-04-06 23:20:06'),
('77','19','1996-10-25 13:03:46'),
('77','23','2011-05-14 22:58:09'),
('77','26','2003-07-04 01:23:13'),
('77','27','1998-12-21 16:19:23'),
('77','28','1973-04-21 17:40:24'),
('77','47','2013-02-21 06:19:05'),
('77','55','1978-11-21 10:55:08'),
('77','57','2001-03-07 20:54:05'),
('77','60','1985-12-27 21:30:33'),
('77','62','2012-08-21 06:59:12'),
('77','65','2000-09-19 17:56:29'),
('77','70','2005-07-13 03:35:45'),
('77','85','1992-11-21 10:56:55'),
('77','89','1979-08-14 07:15:03'),
('77','95','1986-02-11 19:14:37'),
('77','98','1984-02-14 02:38:55'),
('77','100','1982-05-20 08:02:04'),
('78','5','2002-11-14 13:27:27'),
('78','12','1989-04-11 07:54:25'),
('78','20','1972-10-03 14:13:02'),
('78','22','1990-04-20 16:44:44'),
('78','26','1974-02-17 19:19:27'),
('78','28','2013-02-04 19:49:53'),
('78','39','1987-02-24 10:28:56'),
('78','70','1998-12-01 17:24:13'),
('78','76','1995-12-30 14:28:17'),
('78','99','1973-01-03 18:04:07'),
('78','100','1980-09-26 03:02:42'),
('79','15','2006-05-02 15:27:37'),
('79','23','1994-06-26 15:15:50'),
('79','24','1972-06-08 19:12:21'),
('79','28','1985-04-24 19:17:55'),
('79','33','1989-08-19 20:46:57'),
('79','36','2003-04-05 03:20:27'),
('79','37','1992-08-19 21:40:02'),
('79','41','1982-08-29 11:31:40'),
('79','42','2015-03-12 10:22:08'),
('79','56','1974-06-12 15:21:01'),
('79','65','1993-11-05 01:41:40'),
('79','79','1983-02-26 01:34:30'),
('79','87','1982-03-30 21:15:52'),
('79','89','1996-10-28 14:26:46'),
('79','90','1987-08-13 20:22:42'),
('79','91','2015-12-19 10:40:13'),
('79','92','1997-03-18 17:08:31'),
('79','97','1972-04-17 18:31:29'),
('80','5','2017-12-03 16:21:19'),
('80','7','2018-07-26 22:18:43'),
('80','8','2011-10-24 03:46:57'),
('80','15','1994-04-30 14:35:59'),
('80','27','2009-05-04 14:04:14'),
('80','35','1980-07-28 14:36:23'),
('80','39','1983-03-22 11:15:01'),
('80','46','1996-09-21 16:00:30'),
('80','47','1980-08-03 01:22:50'),
('80','50','1971-11-24 23:12:19'),
('80','51','2010-01-26 07:58:22'),
('80','54','2014-01-19 12:19:21'),
('80','58','1971-05-02 23:24:01'),
('80','63','1994-07-30 21:06:19'),
('80','74','1999-06-01 05:50:33'),
('80','81','1980-03-13 07:30:06'),
('80','84','1983-05-15 09:35:36'),
('80','86','2017-03-12 15:15:46'),
('80','88','2018-09-22 00:03:53'),
('80','91','1986-05-22 17:01:10'),
('80','100','1973-01-09 14:30:59'),
('81','2','1995-04-19 21:37:17'),
('81','5','1996-11-28 03:20:33'),
('81','9','2019-09-14 03:12:49'),
('81','19','1992-03-12 00:28:35'),
('81','27','1988-02-03 06:36:24'),
('81','29','1989-07-20 13:22:11'),
('81','38','2017-10-13 02:10:17'),
('81','39','2012-10-15 13:21:01'),
('81','46','1979-07-26 10:38:13'),
('81','58','1975-11-08 01:55:27'),
('81','61','2004-06-01 04:39:47'),
('81','63','1993-09-26 09:29:22'),
('81','80','1993-04-02 22:33:30'),
('81','86','1998-01-22 03:55:48'),
('81','95','1971-04-12 13:39:37'),
('82','2','2005-01-08 11:52:30'),
('82','22','2009-03-17 06:26:50'),
('82','27','1995-04-15 16:01:16'),
('82','31','1970-02-15 13:32:57'),
('82','37','1981-11-27 21:41:02'),
('82','45','1977-08-04 09:35:47'),
('82','54','2007-09-16 23:54:37'),
('82','59','1986-02-05 03:24:13'),
('82','60','2006-01-10 13:05:52'),
('82','62','1992-09-29 05:15:28'),
('82','65','1974-03-18 00:05:33'),
('82','74','2018-06-08 15:43:20'),
('82','76','1978-05-04 18:48:17'),
('82','81','2010-07-30 12:05:04'),
('82','87','1973-10-21 06:05:51'),
('82','91','2000-02-22 05:50:38'),
('82','95','2007-04-26 12:48:09'),
('82','96','2009-01-04 01:40:45'),
('83','6','1980-01-24 22:09:26'),
('83','12','1992-10-12 12:04:26'),
('83','14','2017-06-05 22:21:42'),
('83','17','1974-07-26 10:13:30'),
('83','28','1971-08-02 14:28:50'),
('83','39','2007-11-17 05:18:39'),
('83','41','1990-08-15 02:21:23'),
('83','42','1975-02-09 15:17:46'),
('83','44','1977-03-16 15:00:00'),
('83','52','2009-07-05 15:01:23'),
('83','55','2007-10-30 01:50:55'),
('83','62','1986-06-13 10:18:31'),
('83','66','1997-07-22 19:24:23'),
('83','67','1972-10-09 18:41:13'),
('83','78','1970-05-17 15:08:44'),
('83','87','1995-09-17 22:35:45'),
('83','91','2017-10-14 19:25:28'),
('83','97','1975-10-26 19:25:59'),
('84','2','2000-12-25 02:30:43'),
('84','3','2000-09-09 18:37:28'),
('84','5','1994-01-08 21:12:04'),
('84','6','1989-09-16 10:35:19'),
('84','11','2005-01-07 10:21:03'),
('84','12','2010-04-07 11:13:04'),
('84','18','2008-08-02 09:33:58'),
('84','22','2018-07-26 07:23:21'),
('84','25','1991-08-11 06:04:35'),
('84','26','2018-06-17 04:15:58'),
('84','35','1978-12-11 19:26:57'),
('84','42','2001-05-11 01:10:22'),
('84','46','2007-12-17 19:16:58'),
('84','48','1971-06-15 13:55:54'),
('84','52','1979-09-15 21:38:24'),
('84','54','1997-05-29 14:58:04'),
('84','63','2018-01-24 14:34:11'),
('84','64','1993-02-17 15:51:52'),
('84','68','2008-01-24 02:22:28'),
('84','70','1977-07-22 12:19:36'),
('84','83','2006-02-16 00:05:56'),
('84','92','2004-10-08 22:05:35'),
('84','96','2002-10-17 19:46:01'),
('85','7','1998-08-17 23:05:00'),
('85','10','2000-07-25 22:13:30'),
('85','16','1974-01-19 15:02:03'),
('85','27','2015-07-20 13:09:46'),
('85','30','2009-06-22 08:25:01'),
('85','31','1995-05-18 04:16:05'),
('85','33','1996-12-23 18:36:52'),
('85','34','1973-01-03 12:58:53'),
('85','42','1990-08-07 08:46:15'),
('85','44','1972-01-03 10:13:47'),
('85','66','1994-09-05 14:41:21'),
('85','67','2008-11-25 19:43:26'),
('85','73','1978-09-16 20:53:59'),
('85','74','1991-04-22 03:15:45'),
('85','75','1977-05-17 00:37:44'),
('85','76','1982-02-16 06:22:23'),
('85','88','1999-08-02 03:31:38'),
('85','89','1977-08-28 18:37:37'),
('85','92','1983-02-28 15:17:57'),
('86','3','1995-01-15 01:09:47'),
('86','5','2016-10-23 23:27:26'),
('86','15','1977-09-28 11:37:03'),
('86','18','1980-12-17 04:58:36'),
('86','19','2002-11-18 23:18:43'),
('86','22','2015-08-15 21:56:33'),
('86','26','1984-03-15 00:29:04'),
('86','27','2014-09-07 01:26:39'),
('86','34','2004-08-28 14:31:18'),
('86','37','1972-04-30 12:01:49'),
('86','40','2007-10-24 18:10:33'),
('86','48','1982-06-21 08:35:33'),
('86','50','1975-09-02 09:55:18'),
('86','58','2008-01-09 03:38:37'),
('86','64','2000-12-18 15:18:09'),
('86','68','2004-08-13 11:35:00'),
('86','69','1983-11-16 19:04:13'),
('86','76','1990-07-20 17:30:48'),
('86','85','2006-11-28 20:13:26'),
('86','87','1984-10-01 20:28:12'),
('86','88','1978-06-11 21:50:48'),
('86','95','2007-12-11 04:26:55'),
('86','97','2015-08-10 06:55:30'),
('86','100','2008-12-27 06:49:24'),
('87','4','2006-06-27 15:09:45'),
('87','11','1980-11-24 12:27:25'),
('87','12','2013-03-03 22:57:26'),
('87','13','1971-11-12 04:26:29'),
('87','14','1990-06-15 23:55:54'),
('87','15','1998-09-25 17:43:19'),
('87','16','1985-09-21 23:44:55'),
('87','21','2018-11-11 07:14:37'),
('87','32','2003-04-09 20:23:29'),
('87','40','1978-06-05 01:02:48'),
('87','45','1982-08-27 04:39:39'),
('87','51','2004-12-12 12:49:10'),
('87','52','1987-12-26 04:56:47'),
('87','54','1971-09-06 00:46:02'),
('87','62','2001-06-08 14:52:00'),
('87','67','1988-07-18 06:46:58'),
('87','72','1986-10-29 18:09:44'),
('87','75','1991-03-29 12:02:58'),
('87','78','1980-10-12 06:25:18'),
('87','79','1992-08-11 17:52:21'),
('87','82','1974-06-30 18:11:55'),
('87','86','1987-04-27 11:01:23'),
('87','90','2006-01-16 12:41:49'),
('87','98','2002-05-25 10:30:49'),
('88','2','2011-06-09 17:48:08'),
('88','4','2010-03-03 19:15:30'),
('88','11','1975-07-09 12:23:08'),
('88','13','1985-09-14 16:49:15'),
('88','15','1970-02-26 05:34:43'),
('88','16','2005-06-16 19:30:27'),
('88','31','2010-04-07 04:08:56'),
('88','43','1970-11-06 13:47:40'),
('88','49','2009-11-01 18:23:51'),
('88','51','1985-11-13 06:50:20'),
('88','55','1975-07-12 20:46:59'),
('88','58','1978-10-22 09:23:54'),
('88','60','2007-05-17 18:32:35'),
('88','61','2012-09-10 03:44:46'),
('88','63','2000-10-10 08:47:33'),
('88','64','2009-05-11 15:58:55'),
('88','70','2013-06-15 08:10:49'),
('88','74','1979-04-26 11:05:37'),
('88','83','1992-10-03 16:52:31'),
('88','86','1995-10-30 10:46:52'),
('88','87','1994-03-15 03:59:21'),
('88','96','2013-02-01 15:39:54'),
('88','99','2016-06-08 00:04:54'),
('89','3','1980-05-18 17:24:05'),
('89','6','2000-12-11 09:45:59'),
('89','8','2014-12-26 12:53:35'),
('89','17','1995-12-12 02:45:28'),
('89','18','2009-08-06 08:24:20'),
('89','24','1982-10-18 22:56:49'),
('89','30','1997-07-08 17:24:59'),
('89','32','1997-12-29 17:21:24'),
('89','34','2014-02-20 05:29:32'),
('89','38','2011-11-22 22:32:17'),
('89','41','1995-05-27 19:09:18'),
('89','42','2005-02-09 09:21:04'),
('89','43','1970-06-11 22:44:19'),
('89','47','1987-08-11 08:23:52'),
('89','60','1996-12-21 17:24:10'),
('89','65','1988-12-21 12:46:03'),
('89','70','2005-08-05 19:14:06'),
('89','71','1988-09-16 19:31:39'),
('89','80','2018-08-11 20:48:34'),
('89','83','2017-11-27 13:15:47'),
('89','85','2011-10-25 14:05:43'),
('89','87','2010-09-25 03:40:45'),
('89','88','1993-11-09 03:28:24'),
('89','92','2009-06-20 15:20:26'),
('89','95','1992-06-18 00:12:07'),
('89','97','2018-05-22 07:03:00'),
('89','98','2015-03-16 04:25:43'),
('89','100','2004-04-27 10:24:17'),
('90','7','1989-04-04 10:35:45'),
('90','8','1993-06-29 02:33:25'),
('90','11','2003-10-28 01:06:53'),
('90','13','1974-01-19 13:58:30'),
('90','25','1985-11-13 16:54:06'),
('90','26','1971-03-15 00:38:19'),
('90','29','1995-11-19 11:00:53'),
('90','35','1970-09-21 22:45:42'),
('90','41','2011-11-18 08:04:55'),
('90','44','1991-08-06 14:56:27'),
('90','51','2018-12-19 08:15:50'),
('90','68','1983-09-26 13:40:11'),
('90','74','1976-04-08 07:23:40'),
('90','76','1986-03-21 03:58:01'),
('90','80','1989-11-15 23:31:23'),
('90','83','1982-09-05 06:53:13'),
('90','91','1996-06-15 13:10:06'),
('90','94','2003-06-22 13:45:39'),
('90','96','1993-08-14 23:14:12'),
('90','97','1986-09-04 21:07:37'),
('90','100','1988-03-20 14:38:45'),
('91','15','1985-03-24 14:24:24'),
('91','21','2018-03-12 21:01:04'),
('91','25','1991-12-10 18:14:43'),
('91','28','1977-01-20 17:48:53'),
('91','31','1986-11-26 15:35:19'),
('91','57','1972-09-21 09:55:37'),
('91','59','1977-05-11 03:35:56'),
('91','62','1986-05-13 01:50:06'),
('91','67','2006-01-19 09:57:51'),
('91','77','2004-08-22 23:38:53'),
('91','81','2007-10-01 20:37:48'),
('91','83','2002-01-09 22:13:22'),
('91','93','1992-10-16 07:03:27'),
('91','94','1980-02-15 16:31:29'),
('91','97','1984-01-29 04:32:19'),
('91','100','1990-09-08 22:00:40'),
('92','12','2012-02-04 02:20:09'),
('92','14','1982-02-27 23:11:02'),
('92','17','2001-06-30 15:15:53'),
('92','35','1998-11-30 19:08:34'),
('92','49','1990-03-12 23:35:32'),
('92','50','1997-10-22 11:00:26'),
('92','53','2018-02-09 17:14:59'),
('92','58','2016-10-23 06:48:17'),
('92','73','1993-09-06 14:24:12'),
('92','74','2015-08-05 17:00:24'),
('92','75','2003-10-03 16:16:40'),
('92','80','2009-08-14 07:34:59'),
('92','92','1992-12-02 08:59:55'),
('92','97','1977-07-25 18:49:29'),
('92','98','1997-06-02 01:54:57'),
('93','1','2009-09-23 13:36:40'),
('93','2','1982-06-01 17:29:37'),
('93','6','1976-02-07 14:18:29'),
('93','7','2002-04-04 10:14:02'),
('93','10','1985-07-23 02:49:30'),
('93','25','1997-04-07 23:29:02'),
('93','27','1975-12-03 15:26:50'),
('93','29','1989-03-19 00:53:58'),
('93','34','1987-10-26 16:30:11'),
('93','35','2019-02-04 19:23:39'),
('93','40','1999-06-07 17:30:42'),
('93','41','1994-05-26 14:11:49'),
('93','43','1990-08-26 20:38:29'),
('93','47','1996-05-04 00:04:00'),
('93','59','2007-06-21 09:12:29'),
('93','61','2005-11-28 20:52:41'),
('93','66','1999-05-25 12:43:51'),
('93','73','1986-04-16 21:11:45'),
('93','74','2018-11-30 10:18:51'),
('93','84','2011-01-19 08:32:12'),
('93','89','1999-01-11 04:56:12'),
('93','90','1988-09-19 08:42:39'),
('93','97','2011-06-02 11:23:08'),
('93','98','2003-04-23 23:03:14'),
('94','9','1986-09-17 15:28:06'),
('94','14','2004-04-20 01:50:39'),
('94','21','1980-09-22 14:16:17'),
('94','24','1974-06-20 07:40:41'),
('94','29','1980-11-25 06:35:30'),
('94','31','1972-08-01 10:38:32'),
('94','41','1973-06-09 12:13:51'),
('94','43','1975-07-20 16:30:44'),
('94','44','2013-08-15 18:57:33'),
('94','45','1981-12-26 20:49:56'),
('94','51','1999-12-05 12:35:05'),
('94','53','2012-08-04 14:56:26'),
('94','55','1974-09-12 03:12:13'),
('94','57','2013-10-31 23:45:34'),
('94','59','1987-07-20 14:46:04'),
('94','60','2002-07-15 00:50:35'),
('94','61','1994-02-02 17:17:17'),
('94','63','1992-05-17 18:03:04'),
('94','68','1985-01-12 05:12:25'),
('94','76','1991-05-12 02:31:20'),
('94','78','2009-01-21 06:16:19'),
('94','88','1983-02-03 19:13:01'),
('94','90','1987-08-11 08:18:27'),
('95','1','1979-10-31 15:11:47'),
('95','6','2017-07-14 20:15:56'),
('95','11','1977-10-15 07:46:48'),
('95','12','1995-12-20 18:20:12'),
('95','13','2012-10-08 13:16:21'),
('95','18','1994-02-12 10:36:04'),
('95','19','1987-05-05 01:41:36'),
('95','22','2015-01-25 09:44:20'),
('95','35','2012-01-02 14:46:12'),
('95','38','1978-01-07 13:19:31'),
('95','40','1991-08-16 22:21:52'),
('95','45','2019-04-01 07:00:27'),
('95','53','2012-11-24 18:41:13'),
('95','55','1984-11-08 09:30:05'),
('95','58','1989-07-14 00:31:15'),
('95','65','1989-07-05 00:21:31'),
('95','66','1976-07-30 08:01:34'),
('95','70','2011-03-02 01:21:58'),
('95','85','2014-12-11 05:24:45'),
('95','88','1998-02-03 14:29:40'),
('95','97','1983-08-26 07:17:07'),
('96','16','2007-05-12 09:22:26'),
('96','22','2000-12-24 21:22:55'),
('96','24','2001-11-07 06:18:47'),
('96','25','2013-11-25 13:39:15'),
('96','26','1977-01-26 18:20:23'),
('96','29','1993-10-17 07:30:33'),
('96','36','2004-12-18 17:45:20'),
('96','40','1984-12-26 19:58:59'),
('96','43','2014-05-18 22:56:13'),
('96','47','2002-12-27 22:25:41'),
('96','50','2002-01-20 00:09:30'),
('96','52','1982-10-07 05:54:25'),
('96','53','1975-05-07 09:46:00'),
('96','54','2012-05-23 01:05:31'),
('96','60','1989-05-18 08:16:25'),
('96','64','2007-02-11 05:14:56'),
('96','66','1986-05-24 05:44:58'),
('96','72','1973-11-21 19:52:30'),
('96','77','1980-10-25 19:11:24'),
('96','79','1982-04-04 05:52:38'),
('96','84','2009-12-22 23:51:10'),
('96','87','1985-04-27 01:39:29'),
('96','90','2011-04-03 02:35:52'),
('96','93','1987-05-11 19:58:31'),
('96','97','2014-01-13 00:14:31'),
('96','100','2014-02-07 17:43:36'),
('97','2','2010-12-19 14:59:10'),
('97','5','2006-01-21 14:20:40'),
('97','7','1994-04-18 00:39:59'),
('97','8','1996-10-02 17:13:51'),
('97','14','1970-04-26 13:40:42'),
('97','17','1974-09-09 15:15:17'),
('97','18','1983-09-13 18:55:24'),
('97','22','2002-05-11 15:45:35'),
('97','36','1982-11-28 13:54:26'),
('97','41','1990-11-23 14:16:08'),
('97','42','2007-09-18 04:17:15'),
('97','51','2010-11-24 02:23:04'),
('97','52','1982-04-08 10:03:01'),
('97','61','2010-05-15 18:41:49'),
('97','63','2009-03-31 01:28:45'),
('97','68','1973-06-07 02:04:47'),
('97','72','2000-02-04 16:39:49'),
('97','73','1996-08-28 17:47:43'),
('97','79','2018-06-21 14:13:09'),
('97','81','1995-09-05 09:06:53'),
('98','3','2008-08-27 08:44:28'),
('98','6','2008-05-03 01:02:01'),
('98','7','1970-12-19 12:07:52'),
('98','13','2015-02-03 22:38:26'),
('98','15','2009-08-29 00:02:54'),
('98','17','2017-03-14 09:50:09'),
('98','18','1996-05-17 11:53:59'),
('98','20','1985-02-22 13:40:43'),
('98','27','1983-07-10 18:27:21'),
('98','37','2006-05-31 01:49:14'),
('98','46','2018-01-27 01:47:39'),
('98','52','2010-06-26 01:04:27'),
('98','54','1972-09-17 02:41:36'),
('98','65','1971-05-18 12:41:19'),
('98','66','1971-11-20 13:31:31'),
('98','79','1988-01-07 17:06:19'),
('98','81','1989-04-28 16:46:41'),
('98','84','1986-01-25 05:34:02'),
('98','94','1983-01-13 18:02:45'),
('99','8','2015-11-05 08:20:31'),
('99','14','2012-07-09 23:44:03'),
('99','20','2018-12-22 07:54:16'),
('99','32','1979-09-28 15:13:39'),
('99','35','1974-06-18 10:31:10'),
('99','40','2011-04-20 20:56:11'),
('99','49','1986-08-30 02:49:30'),
('99','54','2000-06-27 23:54:34'),
('99','55','1987-03-16 07:22:58'),
('99','56','1971-03-02 19:59:41'),
('99','66','2006-01-28 09:28:45'),
('99','68','1999-12-29 21:05:37'),
('99','71','1985-02-22 04:15:11'),
('99','72','1979-01-03 19:53:15'),
('99','90','1973-03-02 17:41:18'),
('100','4','2001-12-07 23:27:13'),
('100','13','1970-11-12 19:38:51'),
('100','18','1981-05-17 14:52:28'),
('100','19','1984-07-28 20:52:35'),
('100','21','1988-05-11 04:00:15'),
('100','22','1990-09-26 05:11:26'),
('100','27','1980-09-09 00:49:41'),
('100','31','1997-10-29 08:09:38'),
('100','33','1972-12-27 10:39:55'),
('100','34','1971-10-08 17:28:02'),
('100','44','2007-07-26 06:42:34'),
('100','47','1997-07-11 10:13:42'),
('100','67','1987-11-22 09:47:35'),
('100','75','2012-09-20 17:30:36'),
('100','80','1977-06-21 06:05:42'),
('100','84','1976-02-14 05:53:04'),
('100','90','1982-02-10 17:11:14'),
('100','94','2012-11-18 19:08:20'); 


drop table if exists comments;
create table comments (
	id serial primary key,
	user_id bigint unsigned not null,
	video_id bigint unsigned not null,
	created_at datetime default now(),
	body text,
	
	foreign key (user_id) references users(id),
	foreign key (video_id) references videos(id)
);


INSERT INTO `comments` VALUES ('1','1','1','2004-08-25 08:11:41','Animi voluptatem sint et animi illum corporis ea doloribus.'),
('2','2','2','1979-07-23 20:52:28','Et esse molestiae autem eaque sed consectetur.'),
('3','3','3','1971-12-05 12:52:09','Dignissimos numquam cupiditate est facilis.'),
('4','4','4','2003-09-13 13:34:40','Voluptas velit molestiae eos laboriosam assumenda.'),
('5','5','5','1997-04-17 03:14:07','Repellat magni eaque vel sit aperiam corporis quam aut.'),
('6','6','6','1983-05-14 03:14:14','Qui et occaecati in sed aut doloribus.'),
('7','7','7','1996-10-19 20:36:37','Error qui neque labore eligendi sit voluptatem.'),
('8','8','8','1992-07-15 18:42:50','Libero aspernatur quidem quia autem id et molestiae cum.'),
('9','9','9','1976-02-23 06:31:39','Qui ut fugiat non qui.'),
('10','10','10','1986-02-16 04:23:17','Velit inventore harum tenetur saepe nisi.'),
('11','11','11','2019-05-07 13:34:33','Et dolorem at omnis sequi.'),
('12','12','12','2001-06-21 22:20:48','Qui qui earum fugiat unde commodi.'),
('13','13','13','1978-06-27 02:25:57','Dolorem laudantium itaque doloremque.'),
('14','14','14','1970-09-19 18:22:52','Qui facere et ea inventore distinctio.'),
('15','15','15','1972-03-23 00:32:25','Dolor eum provident adipisci consequatur sunt quam.'),
('16','16','16','1982-06-01 20:00:00','Aut libero eum pariatur dolorum hic nemo.'),
('17','17','17','1974-08-18 07:55:52','Necessitatibus suscipit impedit repudiandae provident cupiditate dignissimos.'),
('18','18','18','2011-06-12 20:34:14','Quia fugiat ut provident soluta velit perferendis.'),
('19','19','19','1978-11-16 04:48:19','Voluptas quas inventore officia dolor vero incidunt.'),
('20','20','20','1993-06-14 19:06:51','Tenetur aut velit repellendus voluptatem quo occaecati quas.'),
('21','21','21','1979-04-27 00:47:29','Blanditiis vel ad magnam totam nesciunt et.'),
('22','22','22','1974-12-15 18:11:21','Cumque minima officia dolore laboriosam nisi.'),
('23','23','23','1980-05-12 11:54:34','Itaque autem sit quisquam.'),
('24','24','24','1980-10-02 08:46:21','Pariatur tempore aut nisi numquam.'),
('25','25','25','1981-09-19 07:21:54','Tempore quis non quae.'),
('26','26','26','1981-11-12 15:39:55','Veritatis at porro consequatur non et animi debitis.'),
('27','27','27','2007-12-06 02:07:42','In id nostrum iusto similique.'),
('28','28','28','2003-04-09 00:08:33','Illo error sint id vero unde rerum ut.'),
('29','29','29','1987-06-26 01:33:22','Aut omnis aut tempore iste.'),
('30','30','30','1984-01-03 10:17:56','Sunt aspernatur temporibus magni fuga.'),
('31','31','31','2009-10-30 02:31:53','Rerum nobis sint laboriosam quaerat corrupti culpa occaecati.'),
('32','32','32','1985-12-11 12:00:46','Numquam consequatur quisquam voluptate repudiandae non.'),
('33','33','33','1985-12-07 15:32:47','Natus harum esse nam et.'),
('34','34','34','1990-08-11 19:25:29','Pariatur perferendis assumenda sit dolores nemo.'),
('35','35','35','1995-09-22 09:45:59','Rem et nihil cupiditate ut sint.'),
('36','36','36','2000-11-13 13:30:19','Atque minima dolorem vel qui quaerat quisquam.'),
('37','37','37','1989-06-12 03:45:00','Incidunt voluptatem iste libero voluptatum aut aut.'),
('38','38','38','2004-09-19 07:30:50','Iste quam eveniet error hic voluptates sequi quasi.'),
('39','39','39','1997-07-29 21:25:03','Ipsa porro quidem minus odio velit.'),
('40','40','40','1973-03-16 15:33:38','Culpa magni earum perspiciatis quo fugit quas fugit.'),
('41','41','41','2012-02-26 08:22:19','Qui enim aliquam non ex id a corrupti ipsum.'),
('42','42','42','2015-11-13 20:42:53','Cupiditate est eos id a reprehenderit et nihil.'),
('43','43','43','2012-10-01 05:50:30','Perferendis praesentium occaecati est quibusdam et omnis rerum.'),
('44','44','44','2014-04-11 20:38:29','Pariatur voluptates sed officiis dolorem nam iure.'),
('45','45','45','2001-01-09 06:10:23','Expedita voluptatem et fugiat natus.'),
('46','46','46','1992-02-15 13:29:47','Quae ipsum sint quia est sed cum.'),
('47','47','47','1998-04-26 12:05:44','Illum porro reprehenderit et corporis quae repellendus.'),
('48','48','48','1972-06-24 17:49:55','Autem atque ut ducimus voluptatem aliquam consequatur quos qui.'),
('49','49','49','1988-12-02 02:01:23','Odit et libero officiis quis eos eligendi nihil inventore.'),
('50','50','50','2012-03-08 19:13:43','Porro molestiae occaecati aut odio sapiente voluptatem.'),
('51','51','51','2005-05-16 12:15:21','Sint praesentium aut quaerat quod eos culpa.'),
('52','52','52','2016-07-17 19:52:51','Autem facere voluptas veniam vel dolorum aliquid sit.'),
('53','53','53','1993-09-20 08:58:00','Hic qui doloribus sit reprehenderit culpa fuga.'),
('54','54','54','2005-07-16 10:25:52','Nisi asperiores rem voluptates.'),
('55','55','55','1970-12-29 12:41:43','Dolorem sit incidunt molestias sunt quo possimus.'),
('56','56','56','1982-02-20 16:48:13','Ad ipsam delectus aut et suscipit et temporibus saepe.'),
('57','57','57','1983-08-22 20:30:34','Et omnis inventore eum voluptatem.'),
('58','58','58','1996-02-19 23:37:20','Accusantium hic qui quo aut quia officiis quam quas.'),
('59','59','59','1996-05-31 08:59:33','Dolorem aut ut eos facere eveniet ab et.'),
('60','60','60','2011-06-10 22:26:07','Rerum tempora autem et voluptas cum.'),
('61','61','61','1998-05-05 00:47:59','Et voluptas eaque nisi laborum possimus modi quia.'),
('62','62','62','2009-11-20 05:19:30','Aut mollitia qui ratione sed repudiandae id.'),
('63','63','63','1990-08-07 11:23:08','Earum eum ipsam ut occaecati et.'),
('64','64','64','2000-05-10 00:17:05','Earum deleniti fugiat libero sunt.'),
('65','65','65','1984-08-31 13:38:46','Non quae optio voluptatem ut.'),
('66','66','66','1979-10-28 16:06:00','Aspernatur architecto perspiciatis doloribus ex.'),
('67','67','67','2002-10-24 04:57:43','Eligendi et soluta fugiat eveniet modi.'),
('68','68','68','1992-02-18 20:45:20','Aliquid saepe ea et beatae.'),
('69','69','69','1974-11-15 08:27:24','Id voluptates autem aut occaecati doloribus ipsam.'),
('70','70','70','2007-08-01 14:51:36','Eligendi repudiandae culpa est veniam.'),
('71','71','71','2000-08-06 19:29:50','Quas non maxime sunt et ad accusantium.'),
('72','72','72','1993-12-06 12:18:19','Magnam ut soluta vel nostrum ea magnam ratione.'),
('73','73','73','2019-03-06 15:45:47','Exercitationem doloremque deserunt quia aut.'),
('74','74','74','1991-09-13 17:24:59','Ut vero corrupti magnam laboriosam suscipit.'),
('75','75','75','2007-12-05 18:48:01','Reprehenderit cupiditate illum a rerum.'),
('76','76','76','2001-11-29 08:24:14','Ipsum eum eius error accusantium officia magnam error.'),
('77','77','77','1977-09-25 05:14:30','Excepturi facere et ut.'),
('78','78','78','2009-04-25 13:06:40','Reiciendis exercitationem molestiae necessitatibus animi.'),
('79','79','79','1973-11-02 19:32:59','Labore mollitia earum aut at.'),
('80','80','80','1999-10-13 10:41:24','Necessitatibus omnis soluta nam voluptatem facilis dolorem.'),
('81','81','81','1998-08-08 07:28:49','Magnam ipsa quam sint temporibus id sunt qui.'),
('82','82','82','2015-01-16 05:11:09','Sed adipisci at ut quidem sit.'),
('83','83','83','1994-08-18 12:39:53','Adipisci voluptas id molestias commodi est.'),
('84','84','84','1992-09-20 06:54:28','Corrupti odit fugiat dolorem delectus.'),
('85','85','85','1996-02-26 22:54:41','Rerum illum blanditiis illo nulla repellat in.'),
('86','86','86','1986-12-20 09:52:35','Magnam est vel voluptatem voluptatem.'),
('87','87','87','1992-12-27 06:16:19','Fuga id et unde.'),
('88','88','88','2002-05-27 14:50:42','Libero vero perspiciatis qui nobis numquam et.'),
('89','89','89','1987-12-16 03:31:07','Exercitationem veniam expedita ipsa sed.'),
('90','90','90','2016-05-06 07:58:45','Impedit ab ea maxime.'),
('91','91','91','1997-03-15 15:56:49','Aliquid officia nostrum velit.'),
('92','92','92','1981-09-19 17:53:48','Quo eum quo nihil tenetur est.'),
('93','93','93','2014-02-24 03:32:00','Quos ratione provident et quis aut.'),
('94','94','94','1981-04-20 06:04:09','Dolores eius voluptatem aut sed.'),
('95','95','95','1982-10-30 03:11:11','Sed placeat consequatur repellendus dolorem quia laborum dolor perspiciatis.'),
('96','96','96','2002-02-22 02:15:01','Exercitationem ex corporis autem sit.'),
('97','97','97','1995-03-07 03:38:16','Voluptatum placeat eum sequi placeat deleniti maiores.'),
('98','98','98','2018-06-01 02:17:28','Non quia harum provident quos aliquam nihil quibusdam.'),
('99','99','99','1983-02-02 21:37:32','Placeat consectetur in quo dolorem voluptas quod natus.'),
('100','100','100','1987-04-17 15:00:23','Delectus quam aliquid amet.'),
('101','1','1','1998-12-17 02:32:13','Asperiores unde laudantium ea commodi facilis incidunt.'),
('102','2','2','1973-11-08 09:54:55','Commodi debitis est labore ex.'),
('103','3','3','1977-10-27 15:56:18','Repellendus quaerat ducimus omnis at.'),
('104','4','4','2007-08-07 01:44:59','Labore quis molestias ipsum cum quas id totam.'),
('105','5','5','1991-11-28 03:53:13','Temporibus ut officiis suscipit.'),
('106','6','6','2007-05-02 09:29:57','Maiores molestias qui eum voluptates aspernatur repudiandae temporibus.'),
('107','7','7','1996-01-15 02:17:00','Qui quam eos facere ea ut repudiandae voluptatibus.'),
('108','8','8','2012-07-02 13:49:22','Quia ut labore occaecati.'),
('109','9','9','1992-04-27 10:27:35','Dicta aspernatur ea aspernatur consequuntur consequuntur molestiae.'),
('110','10','10','1988-10-16 20:24:14','Laboriosam eum natus eum facere impedit animi.'),
('111','11','11','1989-09-25 01:14:54','Quia occaecati laudantium vero sed reiciendis.'),
('112','12','12','1984-02-06 20:17:41','Error distinctio eum a distinctio.'),
('113','13','13','2003-03-07 01:45:24','Dolore consequatur earum et sunt.'),
('114','14','14','1992-06-09 20:48:42','Sint tempora corrupti consequuntur.'),
('115','15','15','2015-04-23 21:26:35','Qui odio labore sit sequi voluptas et quas architecto.'),
('116','16','16','2014-07-21 16:59:45','Eius soluta provident saepe ut laboriosam ea reprehenderit illo.'),
('117','17','17','1974-02-12 04:32:41','Qui corrupti rerum et sunt possimus animi et.'),
('118','18','18','1989-03-24 03:29:01','Dolor mollitia ut distinctio nihil et.'),
('119','19','19','2001-12-01 11:07:54','Voluptas fugiat aut qui et.'),
('120','20','20','1982-12-28 06:45:38','Aut pariatur eos molestias sunt voluptas enim.'),
('121','21','21','2009-08-22 16:23:34','Aliquid et dicta consequatur distinctio facere sint.'),
('122','22','22','2007-07-24 21:31:33','Vero velit iure ab molestiae quia vitae adipisci earum.'),
('123','23','23','1971-07-13 07:51:12','In cupiditate aut non deserunt debitis enim hic.'),
('124','24','24','1999-01-27 19:39:22','Dolorem aliquid soluta nesciunt odit distinctio neque incidunt.'),
('125','25','25','2009-06-26 05:11:32','Provident eos ratione nihil fuga sint quisquam.'),
('126','26','26','2010-11-13 11:35:56','Dolorem fugit amet veritatis deserunt amet libero.'),
('127','27','27','2012-08-17 02:30:18','Necessitatibus cumque ab unde rem rerum.'),
('128','28','28','1997-11-27 10:38:37','Sunt neque eius rerum eligendi.'),
('129','29','29','2018-11-28 10:07:01','Doloribus sunt et quis repellendus aut dolor magnam.'),
('130','30','30','2008-02-22 12:48:59','Voluptatem totam tenetur eum et qui voluptates.'),
('131','31','31','1971-03-27 03:33:45','Autem inventore aut doloremque cumque consectetur iure.'),
('132','32','32','1986-08-15 09:51:11','Dolorum iusto delectus ullam quaerat neque deleniti ducimus perferendis.'),
('133','33','33','1998-05-12 17:37:39','Blanditiis maiores fugiat corrupti reprehenderit voluptate ea esse.'),
('134','34','34','1990-08-28 04:43:22','Dolores ipsam ut repellendus officiis odio.'),
('135','35','35','1994-04-05 02:31:49','Odit ut consequatur laboriosam distinctio odio magni.'),
('136','36','36','2013-11-13 16:20:59','Doloribus porro quasi ea at ipsam facere.'),
('137','37','37','1976-01-27 20:31:53','Repellat quidem dolor numquam minima nihil illo.'),
('138','38','38','1998-05-13 19:21:34','Autem autem quaerat sed at.'),
('139','39','39','1988-08-20 14:42:25','In quibusdam nisi aliquam assumenda et totam eum.'),
('140','40','40','2001-11-18 05:31:17','Nemo voluptatum eveniet aut dolore numquam quaerat et.'),
('141','41','41','2017-07-18 14:37:24','Cum qui aut quia.'),
('142','42','42','2004-11-10 13:41:26','Debitis est qui aut voluptatibus.'),
('143','43','43','2001-12-10 22:24:47','Autem doloremque vel dolores inventore ut aperiam.'),
('144','44','44','2012-11-27 23:38:43','Sit ipsa assumenda dignissimos quis.'),
('145','45','45','2004-08-05 13:08:19','Ratione ducimus quae voluptatem eaque ex.'),
('146','46','46','1976-11-26 13:31:19','Praesentium earum quia itaque earum est quisquam maxime.'),
('147','47','47','1970-08-21 21:13:38','Ut qui est et ut beatae assumenda.'),
('148','48','48','2019-09-22 00:28:51','Quo enim exercitationem necessitatibus perferendis.'),
('149','49','49','1984-10-03 21:42:36','Sunt repudiandae quis debitis quia.'),
('150','50','50','1988-08-18 05:45:30','Eos rerum dolores cum consequuntur quod autem.'),
('151','51','51','1987-04-08 22:01:40','Necessitatibus consectetur hic aperiam.'),
('152','52','52','2000-04-02 12:49:28','Repellendus odio neque odio dolorem sequi fugit cum culpa.'),
('153','53','53','1998-11-25 04:16:35','Laborum harum amet adipisci qui perspiciatis quia consequatur.'),
('154','54','54','2019-06-03 08:39:48','Sit eaque quam animi est.'),
('155','55','55','2004-10-11 11:25:13','Enim impedit ut quasi non doloribus id nihil.'),
('156','56','56','2002-02-05 13:27:24','Nam blanditiis ut voluptas nesciunt provident accusantium.'),
('157','57','57','1988-02-11 22:40:30','Iusto repellendus voluptas libero.'),
('158','58','58','2004-11-20 04:06:46','Numquam qui ipsum occaecati dicta natus.'),
('159','59','59','1999-10-18 18:17:51','Animi est sunt dolore laboriosam nam est a.'),
('160','60','60','1992-02-13 06:46:20','Cupiditate corporis quidem nostrum reprehenderit.'),
('161','61','61','1993-11-02 06:33:58','Quis reiciendis cumque incidunt et.'),
('162','62','62','1998-04-06 22:06:22','Ea iste perferendis tempora quia mollitia dicta ut laudantium.'),
('163','63','63','1981-01-23 16:43:19','Nam ut vel laborum eligendi ut aliquam.'),
('164','64','64','2012-03-04 10:48:46','Perspiciatis illum eius velit aut dolor eaque et libero.'),
('165','65','65','1978-07-18 23:55:30','Ipsa fugiat iusto ut omnis.'),
('166','66','66','1972-09-29 20:25:08','Rerum accusamus voluptatem tenetur nobis omnis.'),
('167','67','67','2010-12-15 10:36:20','Ut unde quia ut laudantium ea.'),
('168','68','68','2017-07-16 11:21:01','Sed sed quaerat ut id quo aut.'),
('169','69','69','1971-05-18 08:59:26','Omnis et in ut aperiam sunt quam porro.'),
('170','70','70','2005-09-11 01:12:38','Quisquam autem excepturi veritatis similique sequi voluptas.'),
('171','71','71','1989-04-10 17:46:36','Aut ullam voluptatem incidunt modi sapiente nihil sed.'),
('172','72','72','1998-06-25 01:48:49','Sit nulla porro vero.'),
('173','73','73','1989-01-20 06:56:34','Corrupti eos esse quia explicabo minima saepe.'),
('174','74','74','1978-03-01 21:56:08','Ut commodi et fugit ut.'),
('175','75','75','1986-03-09 21:37:32','Sunt perferendis cupiditate numquam corrupti asperiores et.'),
('176','76','76','1997-01-17 18:14:03','Corporis magnam labore et eum neque quam et.'),
('177','77','77','1997-05-17 21:19:09','Numquam ut atque dignissimos voluptas iusto modi.'),
('178','78','78','1981-07-04 02:11:29','Rerum sit nulla dignissimos voluptatem sit aut eos asperiores.'),
('179','79','79','1989-11-10 01:42:06','Asperiores in aut cupiditate.'),
('180','80','80','1989-04-25 20:49:34','Odio suscipit dolore quae soluta nihil in.'),
('181','81','81','1988-10-07 23:33:09','Aut enim ut non mollitia ipsum odit.'),
('182','82','82','1970-09-06 07:52:10','Rem ut eligendi amet numquam quas atque.'),
('183','83','83','2004-06-07 19:34:23','Et quis ad ipsa qui ut.'),
('184','84','84','1999-10-11 08:11:52','Iusto facere ut iusto ducimus beatae.'),
('185','85','85','1987-02-11 19:43:35','Rerum dicta voluptate doloremque velit dolor voluptas.'),
('186','86','86','1980-04-05 21:45:57','Quidem et itaque et quia quae ea.'),
('187','87','87','1980-10-19 02:15:14','Ipsam debitis omnis totam qui et et.'),
('188','88','88','1993-03-05 04:52:44','Quae nobis quia aliquid sed enim aut.'),
('189','89','89','1980-04-05 01:12:49','Blanditiis id minus eum eum laboriosam est voluptatem quo.'),
('190','90','90','1974-05-20 19:31:35','Ratione vel excepturi ex ex sunt laudantium.'),
('191','91','91','2005-02-28 23:12:31','Culpa illo repudiandae hic.'),
('192','92','92','2016-04-16 05:10:58','Minus enim rerum sequi aut.'),
('193','93','93','1983-11-17 09:32:51','Et aut doloremque recusandae soluta porro vitae ut.'),
('194','94','94','2000-12-30 18:04:44','Eaque pariatur consectetur minima eius laborum ea rerum et.'),
('195','95','95','1973-10-30 14:35:10','Aut a natus cupiditate cum.'),
('196','96','96','2004-07-03 10:47:03','Delectus veritatis tenetur voluptatem fuga quis sunt error.'),
('197','97','97','1993-03-30 01:22:33','Molestias ut et et.'),
('198','98','98','2005-05-31 22:50:57','Asperiores rerum corrupti inventore blanditiis ea et et.'),
('199','99','99','1974-02-18 02:54:44','A ipsum occaecati et at perspiciatis.'),
('200','100','100','2008-05-05 19:57:08','Quia quod ex iusto.'),
('201','1','1','1991-06-26 13:57:43','Voluptate excepturi accusantium et omnis et quia.'),
('202','2','2','2012-10-02 04:22:45','Eos nesciunt dolores doloremque totam est enim.'),
('203','3','3','1971-01-15 07:43:31','Quod sit nam dolores quaerat.'),
('204','4','4','2005-06-17 13:35:50','Molestias ea neque dolorem.'),
('205','5','5','1984-01-27 05:12:24','Aperiam eveniet quasi omnis ea.'),
('206','6','6','1987-06-13 14:40:15','Doloribus ut omnis ipsum minus rerum id.'),
('207','7','7','1978-12-01 16:48:23','Ullam eaque autem culpa ea ad voluptas quia.'),
('208','8','8','1996-11-22 17:12:13','Ipsa sunt doloremque corporis repudiandae.'),
('209','9','9','2018-04-01 03:30:37','Voluptas rerum sed iusto.'),
('210','10','10','1982-05-24 00:59:15','Corporis ab ipsum voluptatem molestiae vel debitis aut.'),
('211','11','11','2009-03-29 21:28:57','Dolore impedit tempore nobis maxime libero veritatis quae.'),
('212','12','12','1975-07-22 00:08:06','Id qui nulla et sed.'),
('213','13','13','1984-03-01 13:07:22','Consequuntur ut qui sed vero.'),
('214','14','14','2019-03-01 14:17:31','Quae rerum accusantium officia libero.'),
('215','15','15','1992-03-30 02:01:10','Magni minima unde quasi voluptates.'),
('216','16','16','2001-04-02 10:21:06','Voluptatem recusandae quaerat aut quod esse et.'),
('217','17','17','1981-07-09 09:18:46','Voluptatem saepe totam libero sit quaerat.'),
('218','18','18','1979-03-09 20:27:04','Sed occaecati omnis id minima animi et velit.'),
('219','19','19','1999-07-25 01:18:47','Laudantium dolores rem aut quas qui delectus.'),
('220','20','20','1976-11-28 01:46:26','Ut et impedit perspiciatis est.'),
('221','21','21','1970-12-15 05:26:58','Eos rerum eius facilis sit molestiae dicta ea.'),
('222','22','22','1987-12-01 08:48:11','Commodi illum et quibusdam quo itaque quia.'),
('223','23','23','2012-06-10 05:44:31','Libero illo tempore molestiae iure ullam quia.'),
('224','24','24','1992-08-16 07:00:19','Vitae fugiat deleniti rerum et ullam est.'),
('225','25','25','1997-09-01 01:20:07','Officiis est placeat iure veniam quia.'),
('226','26','26','1998-04-06 12:31:11','Et expedita rerum quia voluptatem.'),
('227','27','27','2000-08-08 08:35:57','Cum enim consectetur sequi sunt consequuntur asperiores qui voluptatem.'),
('228','28','28','2005-03-03 11:37:06','Enim necessitatibus et quas ab aspernatur dicta mollitia.'),
('229','29','29','2004-09-05 10:58:58','Veritatis aperiam quod exercitationem.'),
('230','30','30','1988-08-28 21:54:52','Expedita dolor beatae laborum voluptatum iste quae.'),
('231','31','31','2016-01-03 14:27:46','Placeat id rem iusto.'),
('232','32','32','1982-06-28 02:06:14','Voluptates fugit voluptate eius qui cum atque.'),
('233','33','33','2010-07-20 15:27:07','Iure in non est necessitatibus.'),
('234','34','34','1984-08-08 03:16:19','Enim esse deserunt exercitationem veniam rerum.'),
('235','35','35','1990-06-09 02:06:50','Voluptatem ad qui amet dolores rerum est.'),
('236','36','36','1986-05-20 20:08:40','Alias est quia magnam deserunt in voluptatum molestias.'),
('237','37','37','2001-08-09 20:55:11','Repellendus delectus et reiciendis fugit numquam et culpa.'),
('238','38','38','1975-01-13 19:25:15','Culpa molestiae ullam aut autem et.'),
('239','39','39','2010-07-31 15:24:59','Est soluta porro magni aliquam.'),
('240','40','40','1988-02-13 13:47:40','Qui accusamus vero sed quo architecto.'),
('241','41','41','1992-04-25 20:08:35','Repudiandae sed inventore in quaerat.'),
('242','42','42','2010-06-20 16:10:41','Corrupti quia et consequatur soluta voluptatibus saepe.'),
('243','43','43','1991-07-17 05:29:02','Voluptate sed non et et consequatur ipsa ab consectetur.'),
('244','44','44','1982-06-28 07:02:31','Nihil veritatis cupiditate dolor ullam molestias.'),
('245','45','45','2008-10-03 23:55:19','Dolor qui non ab velit quam animi odio omnis.'),
('246','46','46','1985-12-10 09:31:54','Voluptatem corrupti deleniti tempore nam ut.'),
('247','47','47','1990-01-09 09:40:05','Illo enim sit enim harum.'),
('248','48','48','2011-04-05 22:50:35','Expedita corrupti consequatur fugit ullam.'),
('249','49','49','2017-05-29 11:48:37','Dignissimos sunt necessitatibus consequuntur aut.'),
('250','50','50','1994-10-24 01:24:15','Laudantium est voluptatem dolores.'),
('251','51','51','2011-05-23 19:18:11','Id qui cupiditate commodi nam incidunt et sint laboriosam.'),
('252','52','52','2017-08-26 20:29:08','Quia qui expedita non optio molestias.'),
('253','53','53','1990-06-22 21:01:08','Aperiam asperiores suscipit blanditiis assumenda aut error quam.'),
('254','54','54','2015-04-01 22:53:55','Ut ipsam quas molestias voluptatem.'),
('255','55','55','1985-12-26 01:56:13','Magni libero exercitationem facere facere labore magni.'),
('256','56','56','1980-10-24 10:49:43','Eos aliquam doloribus nisi vero unde eligendi ut accusamus.'),
('257','57','57','1996-08-20 04:14:07','Temporibus et quod et sit.'),
('258','58','58','1976-01-01 20:30:44','Eveniet quos eius harum rerum eos.'),
('259','59','59','2011-04-22 07:22:23','Magnam consequuntur placeat nulla quia est dolores.'),
('260','60','60','1985-12-24 13:44:13','Dolores quis magni et quo eum aut.'),
('261','61','61','2005-03-27 05:17:50','Molestiae accusantium necessitatibus itaque nesciunt impedit sunt.'),
('262','62','62','1993-09-24 14:21:28','Molestias quis laudantium et.'),
('263','63','63','1985-09-10 02:44:28','Aliquam quibusdam necessitatibus quidem aliquid optio numquam quam sunt.'),
('264','64','64','1985-07-25 22:37:17','Beatae dolore quia asperiores praesentium.'),
('265','65','65','2002-05-03 06:15:39','Eligendi quo ut deleniti sunt voluptatum et est quam.'),
('266','66','66','1987-08-29 04:39:21','Sint dolore reiciendis iusto.'),
('267','67','67','2011-07-25 12:48:47','Corrupti similique non minima quod.'),
('268','68','68','1996-01-24 01:08:12','Rem nesciunt nulla deserunt velit ipsam reiciendis non rerum.'),
('269','69','69','1975-11-03 22:23:29','Sequi accusantium quo dolores omnis ut ut.'),
('270','70','70','1989-07-21 05:17:38','Et officia quod deleniti tempora porro omnis sit dicta.'),
('271','71','71','2013-10-07 03:07:12','Consequatur voluptates et doloremque.'),
('272','72','72','2011-08-19 19:41:25','Labore facere reiciendis explicabo fuga dolore.'),
('273','73','73','2002-10-12 14:52:59','Rerum rem quam quae odio sit nemo.'),
('274','74','74','1981-09-07 16:36:14','Qui voluptas pariatur sit odio molestiae odit quibusdam.'),
('275','75','75','2009-03-13 16:07:42','Dolorum eveniet soluta officiis ad non nisi.'),
('276','76','76','1972-08-15 20:00:53','Molestiae et est accusamus error placeat ad praesentium.'),
('277','77','77','2012-05-14 22:56:29','Ab est omnis sunt labore aut quasi est.'),
('278','78','78','1989-03-27 07:24:42','Et sit odio voluptatum deserunt quia reprehenderit.'),
('279','79','79','1992-04-29 18:58:00','Non qui quae ea iure doloremque.'),
('280','80','80','2001-10-13 11:56:54','Repellat adipisci consequuntur et blanditiis neque.'),
('281','81','81','1987-08-29 00:12:41','Sint molestiae voluptatum esse eos.'),
('282','82','82','1993-02-04 18:44:32','Corrupti harum non itaque odio qui.'),
('283','83','83','1993-03-16 17:46:57','Ab et dolores ut voluptas assumenda.'),
('284','84','84','1984-04-12 01:43:19','Iure labore quia non eum iste.'),
('285','85','85','2001-05-04 23:28:56','In aut tempore ut tempore quisquam quidem.'),
('286','86','86','2016-06-25 21:36:40','In et est iste et eum.'),
('287','87','87','1986-01-19 10:00:10','Magni quos nemo possimus aliquid et fugiat.'),
('288','88','88','2004-11-18 16:38:33','Fugit necessitatibus tempore maiores magnam.'),
('289','89','89','2001-06-09 19:12:37','Exercitationem vero quasi pariatur.'),
('290','90','90','2008-06-15 23:07:32','Quis quis molestiae tempora est voluptatem error deserunt.'),
('291','91','91','1970-04-27 23:30:34','Eum ea hic rerum quis eum ut.'),
('292','92','92','2016-07-25 23:09:34','Aliquam laborum ut sint.'),
('293','93','93','2018-09-03 16:36:43','Maiores repellendus aliquid quae qui.'),
('294','94','94','1989-04-19 18:16:48','Porro maiores fugit rem ullam a.'),
('295','95','95','2013-12-03 14:28:13','Earum voluptates qui eveniet.'),
('296','96','96','2014-11-19 07:44:15','Saepe aliquam laboriosam rerum rerum aut fugit facilis.'),
('297','97','97','2005-08-26 18:21:05','Reprehenderit et est optio laboriosam magnam.'),
('298','98','98','2015-01-15 17:52:35','Odit ut incidunt voluptatem ea iusto necessitatibus.'),
('299','99','99','1997-08-04 21:07:42','Non nihil dolores totam.'),
('300','100','100','1997-05-10 05:32:06','Optio est rerum minus laborum molestiae impedit illum.'),
('301','1','1','2003-03-29 00:10:41','Velit impedit voluptate ex rerum error eos.'),
('302','2','2','2002-09-10 13:38:58','Nemo qui nihil impedit ipsam quo.'),
('303','3','3','2017-05-28 16:08:51','Voluptatum pariatur praesentium perspiciatis.'),
('304','4','4','1987-10-15 00:28:19','Earum quo officiis a voluptatem quia quas magnam est.'),
('305','5','5','2012-08-17 00:42:59','Amet maxime autem et ut dolorem.'),
('306','6','6','1978-10-04 16:19:34','Facere dolor eos inventore et.'),
('307','7','7','1972-07-29 14:56:34','Sunt totam excepturi et voluptatem sint consectetur nisi assumenda.'),
('308','8','8','1991-11-10 12:39:21','Excepturi ducimus sit cumque voluptatem doloremque quo sit ut.'),
('309','9','9','1996-12-06 01:27:45','Dolor eum ex aut ad.'),
('310','10','10','2013-08-06 12:20:20','Nemo officia reiciendis veritatis et nostrum.'),
('311','11','11','1974-11-18 07:11:15','Officiis laudantium aperiam porro dolores vero.'),
('312','12','12','1988-01-26 17:41:07','Sit nam voluptas repellat doloremque ea mollitia ut.'),
('313','13','13','1988-09-26 23:09:40','Pariatur ullam eos facilis eum eum sed maiores.'),
('314','14','14','2018-05-21 04:42:16','Quae vitae quasi eum odit iusto sint modi.'),
('315','15','15','2009-02-16 22:21:04','Quo cumque iure quia placeat et vel.'),
('316','16','16','1998-07-02 15:14:50','Est eum ducimus eos dolor.'),
('317','17','17','2016-10-10 18:49:06','Voluptates et doloremque ut laboriosam facere hic placeat.'),
('318','18','18','2016-03-30 18:35:28','Autem deleniti ducimus odio dicta.'),
('319','19','19','2012-09-15 00:58:40','Eligendi blanditiis vero ipsa.'),
('320','20','20','2008-08-07 01:26:15','Qui commodi quia omnis quis.'),
('321','21','21','2002-08-17 22:51:33','Est ea ut architecto quod.'),
('322','22','22','1992-07-06 03:07:28','Quibusdam in dolorum dicta sit.'),
('323','23','23','1998-05-08 11:58:03','Porro harum eligendi itaque libero laborum architecto delectus quo.'),
('324','24','24','2000-07-29 16:19:07','Ratione maiores sint aliquam est facilis aut.'),
('325','25','25','1979-08-16 07:40:32','Blanditiis est officia placeat maxime provident eos sint omnis.'),
('326','26','26','1984-04-16 15:06:27','Deserunt dolor porro eos doloremque accusamus adipisci labore sed.'),
('327','27','27','1991-05-11 07:32:15','Consequatur vitae laborum consectetur sed.'),
('328','28','28','1999-05-02 03:10:23','Id molestias consequuntur quos quisquam tenetur facilis tenetur.'),
('329','29','29','2014-12-23 09:20:10','Et sapiente ipsam accusamus nam maiores molestiae dolores.'),
('330','30','30','1993-02-25 06:23:18','Incidunt ut dicta possimus ut in velit ullam tempore.'),
('331','31','31','2007-05-21 21:31:04','Consequuntur harum beatae dolorem sint non recusandae.'),
('332','32','32','2002-12-12 06:05:30','Sed non porro vitae esse quisquam eum aut in.'),
('333','33','33','2005-01-18 00:25:24','Impedit consequuntur quas in laudantium consectetur.'),
('334','34','34','1987-05-04 12:57:40','Officia qui voluptatem quia inventore velit.'),
('335','35','35','1971-05-10 16:31:01','Iusto ut in autem qui enim.'),
('336','36','36','1976-09-02 20:29:23','Est velit sit aspernatur ad.'),
('337','37','37','2014-09-16 01:59:18','Necessitatibus soluta repellat corporis sed distinctio asperiores.'),
('338','38','38','2018-10-11 20:54:56','Velit perferendis et dignissimos sit.'),
('339','39','39','2011-10-23 14:29:21','Quia qui animi mollitia.'),
('340','40','40','2009-01-18 06:25:17','Natus aut ratione dolorem ut.'),
('341','41','41','1976-07-18 06:18:03','Modi est rerum ut nihil perspiciatis itaque.'),
('342','42','42','1973-11-09 08:47:32','Officiis perspiciatis quod ut quia aut saepe illo officiis.'),
('343','43','43','1995-06-18 10:25:18','Molestias laboriosam possimus facilis in eos.'),
('344','44','44','1998-01-10 22:54:34','Labore explicabo voluptas doloribus sequi.'),
('345','45','45','2000-05-31 19:56:29','Laborum quidem dolorem blanditiis modi.'),
('346','46','46','1984-11-03 18:29:34','Minus in corporis consequatur minus consequuntur iusto.'),
('347','47','47','2003-05-16 12:53:10','Ipsa quae fugiat similique et.'),
('348','48','48','2012-12-21 07:10:33','Incidunt eligendi doloribus culpa.'),
('349','49','49','2010-07-14 14:47:26','Dicta sequi tempora omnis eius dolorem.'),
('350','50','50','2001-11-14 09:15:03','Similique et perferendis possimus explicabo a magnam.'),
('351','51','51','2005-07-06 10:42:47','Quia beatae eos tempore libero quisquam nihil.'),
('352','52','52','1984-01-27 10:44:39','Rem doloremque aut incidunt nostrum qui aspernatur.'),
('353','53','53','1995-10-11 07:24:59','Aliquam beatae libero dolor voluptatem consequatur rerum consequatur nulla.'),
('354','54','54','2016-01-19 14:56:44','Et consequatur nisi sed nulla ut rerum et.'),
('355','55','55','1976-11-30 10:01:04','Distinctio quae omnis asperiores distinctio provident voluptates.'),
('356','56','56','1990-05-28 21:16:28','Deserunt tenetur repellat accusamus.'),
('357','57','57','1983-10-20 05:46:24','Tempore cumque nemo consequuntur quae voluptate dolore.'),
('358','58','58','2002-10-18 05:52:41','Eveniet ut eius est eaque porro.'),
('359','59','59','2006-06-16 13:50:34','Earum id temporibus reprehenderit ipsum.'),
('360','60','60','1970-04-24 19:21:45','Quis ut at qui eum.'),
('361','61','61','2003-06-01 21:41:41','Laboriosam animi id sint sed.'),
('362','62','62','1974-06-02 07:49:47','Nam et cum magnam perspiciatis.'),
('363','63','63','1971-08-04 23:52:54','Accusamus nobis voluptatem assumenda explicabo a.'),
('364','64','64','1975-11-07 06:46:30','Expedita minima vel in impedit quia facere.'),
('365','65','65','1983-11-22 19:44:47','Qui ut earum dolorem ut quidem dolore officiis.'),
('366','66','66','2007-06-06 11:11:20','Neque fuga aut voluptatem quod beatae.'),
('367','67','67','1991-04-22 20:18:31','Odio sit tenetur cupiditate dolorem.'),
('368','68','68','2012-04-13 09:12:26','Fuga molestiae magni voluptas.'),
('369','69','69','1991-11-21 07:52:23','Et aut quos nulla qui.'),
('370','70','70','1990-08-16 18:51:50','Et quia mollitia quae blanditiis autem est omnis repellat.'),
('371','71','71','2014-10-22 02:51:05','Et facilis praesentium molestiae dicta maxime.'),
('372','72','72','1979-02-15 18:53:41','Quia ut id sed magnam earum.'),
('373','73','73','2019-02-03 22:07:07','Dignissimos possimus natus ullam possimus non.'),
('374','74','74','1984-03-05 02:09:34','Consequuntur sit et beatae cum sunt iusto dolorum iusto.'),
('375','75','75','1982-05-08 22:44:42','Non sit repellat iste.'),
('376','76','76','1977-08-16 06:13:00','Reiciendis dolorum hic et dicta nam.'),
('377','77','77','1991-10-12 11:59:53','Corporis quos veniam quam sed fugit.'),
('378','78','78','2014-08-10 03:47:28','Suscipit porro omnis sed.'),
('379','79','79','2008-10-05 05:38:36','Numquam recusandae et dolorem atque exercitationem omnis.'),
('380','80','80','2009-10-24 09:03:53','Asperiores omnis eveniet iste aspernatur.'),
('381','81','81','1976-07-09 01:43:05','Ullam laborum est illum consequatur optio perspiciatis.'),
('382','82','82','1988-07-30 05:23:23','Alias et aperiam enim qui vitae architecto.'),
('383','83','83','1981-07-21 23:25:19','Itaque magnam cupiditate doloribus omnis inventore distinctio ut.'),
('384','84','84','1971-10-23 01:51:40','Consequatur consectetur cumque aut sed.'),
('385','85','85','2000-12-22 21:12:21','Dolorem et blanditiis voluptatum explicabo qui.'),
('386','86','86','2001-02-21 22:41:47','Quibusdam quis repellat voluptatem nulla asperiores.'),
('387','87','87','1999-10-06 04:30:32','Ut tempore enim maiores consectetur quo et.'),
('388','88','88','2006-10-05 05:09:31','Sequi dolores rerum aliquam.'),
('389','89','89','1971-10-11 19:16:49','Soluta in cupiditate exercitationem dolore.'),
('390','90','90','2000-10-25 02:37:22','Blanditiis perferendis doloremque eum ad eos mollitia.'),
('391','91','91','1987-06-22 23:27:40','Accusantium soluta ad et debitis.'),
('392','92','92','1999-03-18 12:06:27','Quod quis culpa quia.'),
('393','93','93','2012-03-20 02:22:56','Molestiae aut molestiae rem veritatis earum voluptatibus.'),
('394','94','94','1989-09-04 01:15:48','Reiciendis est voluptatem ratione unde voluptatem officia temporibus.'),
('395','95','95','1986-05-23 15:44:39','Voluptas et laborum quo illum qui.'),
('396','96','96','2001-12-01 19:35:53','Velit accusantium quo facilis est qui voluptates.'),
('397','97','97','2007-03-19 04:33:25','Nihil quos quidem dolores.'),
('398','98','98','2006-05-23 14:37:33','Harum veniam velit quo quidem vitae ratione deleniti distinctio.'),
('399','99','99','2010-03-17 10:46:59','Sapiente pariatur accusamus soluta nam rerum.'),
('400','100','100','1974-12-04 03:18:39','Laboriosam beatae qui alias facilis et dignissimos temporibus rerum.'),
('401','1','1','1997-07-20 12:03:23','Quia id molestiae quam eos autem animi.'),
('402','2','2','1980-07-09 08:39:10','Quo qui pariatur reiciendis et est culpa.'),
('403','3','3','2015-01-08 14:32:17','Eius iusto nihil officia in officiis.'),
('404','4','4','2005-10-16 11:21:47','Sit aut provident sed doloribus maxime facilis in.'),
('405','5','5','2010-09-18 18:08:16','Minus ea et ex eos velit qui.'),
('406','6','6','1976-10-25 19:03:29','Recusandae deleniti quia officiis quia iure.'),
('407','7','7','2008-05-03 04:08:30','Qui fugit id quos rem id placeat.'),
('408','8','8','1978-11-01 18:37:40','Consectetur dolorem praesentium nobis inventore.'),
('409','9','9','1999-06-12 06:57:45','Sit id temporibus error possimus.'),
('410','10','10','1985-12-20 16:34:12','Consequatur necessitatibus vel qui.'),
('411','11','11','1970-03-01 13:34:58','Impedit ut quis est ipsam vero.'),
('412','12','12','2010-04-12 00:39:45','Sint qui et velit at pariatur.'),
('413','13','13','1975-05-06 07:24:32','Voluptas doloremque quisquam voluptatibus ad soluta.'),
('414','14','14','2002-07-05 19:34:33','Omnis voluptatibus commodi iusto quis ullam.'),
('415','15','15','1974-07-26 04:05:04','Enim animi veritatis eum error repellendus.'),
('416','16','16','1977-07-06 07:59:46','Enim necessitatibus itaque magni incidunt excepturi sed.'),
('417','17','17','1973-08-03 09:33:23','Dolorem quae atque in quia eius.'),
('418','18','18','2002-12-23 10:23:01','Voluptatem nihil cupiditate voluptas.'),
('419','19','19','1985-07-29 12:30:30','Numquam qui aliquid id quos est voluptatibus.'),
('420','20','20','1995-07-27 15:51:15','Quia consectetur odit nihil.'),
('421','21','21','1973-06-17 07:11:54','Quia quibusdam quibusdam blanditiis aliquam provident qui explicabo.'),
('422','22','22','1988-01-29 04:14:26','Expedita tenetur expedita aliquid.'),
('423','23','23','1972-08-15 20:54:52','Illum veniam sit voluptatum aut.'),
('424','24','24','1989-12-21 15:11:13','Asperiores suscipit ea commodi reprehenderit vitae est maiores ipsum.'),
('425','25','25','1985-04-01 03:37:28','Eum dolor harum optio.'),
('426','26','26','1995-06-14 16:33:16','A qui repellat fuga repellat rerum saepe.'),
('427','27','27','1990-06-07 00:54:18','Illo quia ut vel.'),
('428','28','28','1999-11-05 17:42:33','Est a culpa ea cumque non pariatur.'),
('429','29','29','2000-07-29 16:54:17','Quia sit iusto sit sequi sit occaecati excepturi.'),
('430','30','30','1993-10-28 17:53:43','Harum ea dolorem earum nisi quasi ea autem.'),
('431','31','31','2012-08-02 02:28:23','Molestiae explicabo enim veniam architecto.'),
('432','32','32','2004-05-17 18:16:20','Doloribus voluptas porro cupiditate quo debitis in.'),
('433','33','33','2004-02-13 04:02:16','Ut adipisci voluptates ex rerum et exercitationem animi.'),
('434','34','34','1984-12-12 17:38:47','Ipsa cum atque voluptatem totam dolorum nostrum.'),
('435','35','35','2000-03-25 15:31:38','Quam esse at ea autem quia maiores quia.'),
('436','36','36','2002-06-23 02:55:58','Dicta iste inventore inventore debitis iusto laudantium quidem distinctio.'),
('437','37','37','2004-03-18 18:14:46','Et non omnis qui consequatur consequuntur.'),
('438','38','38','1994-03-20 02:43:24','Molestiae et maiores totam.'),
('439','39','39','2010-05-11 17:36:57','Ut et delectus quod.'),
('440','40','40','1994-05-25 06:22:34','Unde pariatur atque dolor vel voluptatem reprehenderit ut.'),
('441','41','41','1975-10-05 06:31:06','Dolorem ipsa rem earum vel tempore est.'),
('442','42','42','1979-04-01 19:59:20','Aut quod eum ea rerum incidunt quis aliquid.'),
('443','43','43','1974-03-11 23:17:07','Harum atque veritatis incidunt inventore.'),
('444','44','44','2009-07-07 13:28:29','Inventore molestias necessitatibus alias ut esse distinctio labore.'),
('445','45','45','1985-02-02 04:33:16','Laboriosam qui commodi omnis impedit aliquid voluptatibus delectus eveniet.'),
('446','46','46','1989-01-27 22:29:47','Id maiores quo temporibus.'),
('447','47','47','1977-11-25 11:25:43','Itaque non harum et sapiente molestiae.'),
('448','48','48','2008-11-25 07:19:17','Voluptas libero cupiditate unde et.'),
('449','49','49','1982-10-13 08:52:34','Id quo blanditiis alias tempora.'),
('450','50','50','1987-06-02 06:27:38','Quo voluptatibus earum delectus totam.'),
('451','51','51','1983-06-18 00:26:00','Praesentium debitis et veniam nostrum aperiam quia quia non.'),
('452','52','52','1988-09-12 06:36:34','Adipisci quae et numquam iure nisi aliquid quis minima.'),
('453','53','53','1986-01-28 02:05:36','Sit reiciendis aspernatur itaque.'),
('454','54','54','2011-10-17 20:11:36','Doloribus autem praesentium sed error neque ut.'),
('455','55','55','2001-06-24 20:33:16','Vel ut laborum enim quod excepturi dolore fugit.'),
('456','56','56','2014-10-19 01:50:14','Maxime perspiciatis voluptatem recusandae autem qui facere.'),
('457','57','57','1975-02-09 11:21:47','Dolorem voluptatem at aliquam eaque recusandae ut quia.'),
('458','58','58','1997-03-19 08:25:30','Molestiae rerum incidunt repudiandae voluptatem autem ex.'),
('459','59','59','1986-08-29 09:48:25','Totam ipsam corrupti dolore est voluptate.'),
('460','60','60','2010-04-29 11:25:01','Aut natus fugit eum qui nulla ut qui.'),
('461','61','61','2002-01-25 03:37:04','Mollitia libero aut deleniti enim dolore alias.'),
('462','62','62','1989-05-15 04:05:29','Tenetur provident vel omnis et.'),
('463','63','63','2008-09-10 03:02:15','Labore nulla dolor ut.'),
('464','64','64','1989-01-27 05:37:30','Aut consequatur dolorem facere nulla ad quae.'),
('465','65','65','1974-09-05 16:08:33','Quia id voluptatem sit adipisci rerum.'),
('466','66','66','1991-03-08 18:22:24','Aut nam voluptatibus cum modi.'),
('467','67','67','1970-12-07 05:00:57','Perspiciatis quia rerum quos laudantium totam.'),
('468','68','68','2015-05-16 22:17:50','Voluptatum aut quis tempore voluptas in.'),
('469','69','69','1986-11-24 20:17:07','Aspernatur distinctio id rem.'),
('470','70','70','2000-01-16 23:32:57','Ut enim quis vel.'),
('471','71','71','1985-01-01 02:25:53','Voluptatum expedita impedit iste dolores facilis eos et esse.'),
('472','72','72','2000-08-05 08:50:57','Inventore ea quae quibusdam fugiat aut ut ut.'),
('473','73','73','1978-06-02 10:27:46','Dolores quaerat magnam consequuntur maxime.'),
('474','74','74','1975-09-07 13:38:28','Aut eaque dolorem dicta vero illum omnis reiciendis.'),
('475','75','75','1992-12-10 15:00:29','Molestias delectus aut quam laudantium.'),
('476','76','76','1999-12-05 17:11:38','Qui fuga et quia et nemo.'),
('477','77','77','1985-10-16 11:40:22','Illo consectetur necessitatibus beatae qui neque.'),
('478','78','78','1993-11-06 18:40:28','Aut aut necessitatibus qui esse.'),
('479','79','79','1975-10-12 16:25:26','Iusto quas culpa voluptatibus sit in nulla consequatur.'),
('480','80','80','2017-05-24 17:44:28','Molestiae quia voluptas officia voluptatem libero.'),
('481','81','81','1974-11-09 22:42:52','Accusantium facilis eos repudiandae molestiae provident id fugit.'),
('482','82','82','1998-05-09 14:21:00','Qui similique debitis repellendus quia ad hic possimus inventore.'),
('483','83','83','1992-08-26 11:19:22','Praesentium est in error ut eligendi eaque et.'),
('484','84','84','1990-01-12 02:15:30','Doloribus quis excepturi est eos quos rerum autem asperiores.'),
('485','85','85','1997-01-09 00:41:08','Est libero ut error qui necessitatibus vero in.'),
('486','86','86','2003-07-02 03:56:18','Non officia atque suscipit quae voluptatem veniam.'),
('487','87','87','1985-06-08 22:51:35','Fugit temporibus et amet id.'),
('488','88','88','1990-03-19 06:29:56','Neque atque cupiditate aliquid impedit aut nulla.'),
('489','89','89','2018-05-05 12:50:35','Quod consequatur fugiat ipsa vero tempora ullam quae.'),
('490','90','90','2005-05-09 07:15:46','Doloremque deserunt perspiciatis corrupti numquam.'),
('491','91','91','2012-05-28 17:20:40','Aspernatur adipisci iste laboriosam laborum qui qui.'),
('492','92','92','1998-12-16 05:34:20','Aut ut pariatur assumenda totam.'),
('493','93','93','1990-04-02 12:02:24','Laborum at dolore tenetur ut nulla odit.'),
('494','94','94','2006-12-15 15:45:59','Deserunt nam vel enim ab.'),
('495','95','95','2002-03-05 09:09:40','Enim dolores quae animi reprehenderit.'),
('496','96','96','2006-06-07 17:42:04','Atque velit numquam nihil iste in veniam.'),
('497','97','97','1999-09-18 20:08:43','Neque et nesciunt repellendus libero dignissimos.'),
('498','98','98','2017-07-20 00:12:19','Sit officia iusto nihil modi quo.'),
('499','99','99','1991-12-10 06:30:56','Aliquid autem sequi consequatur blanditiis voluptas repudiandae asperiores.'),
('500','100','100','1974-01-25 18:22:04','Sapiente optio et et explicabo nostrum qui.'),
('501','1','1','2003-10-17 15:51:20','Eum similique eveniet sunt ipsa non et velit.'),
('502','2','2','2005-10-06 02:29:56','Molestias blanditiis animi officia et quod sunt.'),
('503','3','3','1989-06-07 21:57:28','Voluptatem sapiente harum odio incidunt illo autem quas.'),
('504','4','4','2011-05-12 22:41:38','Maiores nesciunt voluptate et facere voluptates adipisci.'),
('505','5','5','2005-06-07 04:22:26','Ea debitis culpa assumenda.'),
('506','6','6','1995-05-17 20:43:45','Id aperiam quia natus dicta aliquid.'),
('507','7','7','1995-07-16 15:00:41','A qui accusantium sit incidunt.'),
('508','8','8','1989-07-09 19:55:53','Voluptas molestias non enim aspernatur asperiores similique.'),
('509','9','9','2002-05-26 12:32:12','Id recusandae est occaecati quod sit optio.'),
('510','10','10','2005-07-12 09:20:58','Ducimus et iste harum sapiente omnis impedit sed.'),
('511','11','11','1994-05-17 08:38:34','Nemo expedita quasi asperiores perferendis.'),
('512','12','12','2002-03-27 00:44:31','Sint vitae est molestiae.'),
('513','13','13','1999-06-03 16:08:14','Non illum neque suscipit ut et.'),
('514','14','14','1981-07-31 21:44:38','Nesciunt itaque laborum autem eaque eum itaque.'),
('515','15','15','1974-03-22 15:20:52','Quod eligendi nisi aut eius nemo ea.'),
('516','16','16','2005-07-19 12:45:10','Reprehenderit ipsam et qui voluptatum nulla velit.'),
('517','17','17','1979-04-04 23:24:04','Et in aliquam nobis tempore quae suscipit.'),
('518','18','18','1995-02-19 15:45:37','Non quo sed unde iusto.'),
('519','19','19','2007-06-05 23:50:00','Eius dolorum repudiandae rem omnis velit eveniet.'),
('520','20','20','1981-01-02 11:22:51','Veritatis quia quasi animi rem et ut earum.'),
('521','21','21','2015-01-09 21:09:39','Et deleniti sed eos deserunt ut nemo voluptatum eum.'),
('522','22','22','1988-05-25 14:56:49','Velit nobis aut eligendi sed sed pariatur sed vel.'),
('523','23','23','1972-09-18 09:00:57','A autem iusto animi ipsum et delectus vitae.'),
('524','24','24','1987-10-03 19:18:31','Quod est impedit excepturi reiciendis hic sint ratione.'),
('525','25','25','1978-03-09 15:11:04','Minima tenetur id quae quia sunt sunt qui.'),
('526','26','26','2008-06-12 21:33:26','Quo voluptas ut saepe ut id necessitatibus possimus.'),
('527','27','27','2012-09-20 15:42:29','Et doloremque dolorem qui dignissimos alias ipsam aperiam.'),
('528','28','28','2011-07-15 06:14:26','Voluptatem aut corporis tempora quo recusandae et.'),
('529','29','29','1983-04-23 16:18:26','Enim pariatur minima quaerat atque.'),
('530','30','30','2016-03-17 12:51:39','Ea ut impedit libero.'),
('531','31','31','1974-02-09 05:16:14','Harum voluptates necessitatibus delectus natus animi.'),
('532','32','32','1979-02-23 01:48:23','Neque eum nam inventore dolor.'),
('533','33','33','1975-05-31 01:45:58','Et et repellendus beatae harum.'),
('534','34','34','2006-10-28 19:16:42','Sed magni et et asperiores aut sit.'),
('535','35','35','1971-01-20 02:38:44','Minus recusandae et rerum molestiae distinctio autem commodi.'),
('536','36','36','1998-08-25 14:33:36','Officia temporibus odio voluptatem deserunt asperiores labore laboriosam.'),
('537','37','37','2001-12-14 08:25:08','Temporibus quas tenetur illo earum.'),
('538','38','38','1991-04-20 11:38:26','Debitis temporibus dolor sunt ullam.'),
('539','39','39','1985-12-29 16:04:59','Est eos repellat esse impedit consequatur.'),
('540','40','40','2012-08-09 20:38:23','Optio molestias alias consequuntur minus unde omnis.'),
('541','41','41','1992-06-24 18:37:35','Quo quidem quia et ea aut.'),
('542','42','42','2012-08-05 16:20:07','Rerum perferendis eius ut dolor voluptatibus.'),
('543','43','43','1993-11-02 15:53:41','Omnis quam voluptate voluptas doloremque nam sunt delectus.'),
('544','44','44','1971-02-18 10:31:24','Repellendus quis illo temporibus architecto molestiae cupiditate eum.'),
('545','45','45','2011-09-21 01:24:48','Aut quia dolorem occaecati minus.'),
('546','46','46','2011-03-26 11:48:21','Sint ratione magni temporibus.'),
('547','47','47','2015-12-03 19:42:58','Aspernatur at necessitatibus numquam.'),
('548','48','48','1977-09-26 13:09:16','Suscipit non autem esse et omnis.'),
('549','49','49','2011-09-12 09:36:23','Sed maiores excepturi voluptates rerum qui exercitationem.'),
('550','50','50','2011-06-21 09:49:04','Amet et expedita reprehenderit ullam culpa sunt.'),
('551','51','51','1977-08-18 04:01:37','Doloribus asperiores autem voluptas voluptatem quos.'),
('552','52','52','1985-10-11 04:42:50','Aut velit reprehenderit suscipit temporibus commodi quibusdam.'),
('553','53','53','1990-10-12 01:52:07','Similique vero dolore omnis qui officia eius nisi.'),
('554','54','54','1972-08-03 12:11:03','Omnis et delectus rerum ducimus.'),
('555','55','55','2018-03-11 17:46:12','Vero ad illo quasi veniam occaecati.'),
('556','56','56','1997-09-21 08:56:07','Doloribus et laborum quod inventore earum iste.'),
('557','57','57','1972-06-29 00:38:16','Eum incidunt magni non a.'),
('558','58','58','1988-04-30 14:52:15','Sint aut doloribus nihil vero.'),
('559','59','59','2006-09-14 16:21:56','Vel quas eum repellendus est.'),
('560','60','60','1976-02-04 03:19:17','Ut nihil aut quia nam.'),
('561','61','61','1993-11-06 23:04:17','Voluptas quo voluptatibus tenetur quaerat iusto dolores.'),
('562','62','62','1990-08-30 12:51:03','Eaque amet consequatur veritatis voluptas voluptas.'),
('563','63','63','1972-02-28 05:22:35','Libero eius inventore aliquid repellat veritatis ut exercitationem id.'),
('564','64','64','1985-06-21 22:12:28','Aperiam cupiditate nihil officia dolorem.'),
('565','65','65','1982-12-08 02:17:48','Non velit et minima quia vitae.'),
('566','66','66','1975-01-11 02:17:00','Amet illum tenetur ut eligendi.'),
('567','67','67','1982-06-20 21:40:29','Perspiciatis placeat nesciunt odit enim rerum.'),
('568','68','68','1970-10-13 12:37:46','Unde unde est in voluptas minus.'),
('569','69','69','2015-04-15 08:54:04','Quas sit rerum excepturi est.'),
('570','70','70','1984-03-14 05:37:42','Quod magnam sit ipsa a enim qui.'),
('571','71','71','2005-07-05 02:55:20','Ut tempore et doloremque vitae consequatur illo consequuntur.'),
('572','72','72','2017-06-25 21:04:56','Exercitationem consequatur voluptas dolores nisi maiores suscipit.'),
('573','73','73','1989-03-12 06:37:33','Est illum aliquam reprehenderit dolore quis dolorum odit.'),
('574','74','74','2015-11-29 07:15:10','Vitae quibusdam in ullam excepturi quibusdam provident est sit.'),
('575','75','75','2015-01-23 08:31:45','Aut dolores dignissimos delectus inventore iste voluptatibus.'),
('576','76','76','1997-01-08 10:31:55','Voluptas qui aut quidem.'),
('577','77','77','2000-03-10 17:23:38','Officia rem magnam sunt optio voluptatum est.'),
('578','78','78','1973-11-18 17:11:53','Harum maxime necessitatibus incidunt ad odio eos.'),
('579','79','79','1990-02-14 17:55:59','Eos eius optio aut et quo.'),
('580','80','80','2018-06-07 02:29:05','Non esse dolore perspiciatis.'),
('581','81','81','2003-05-30 17:47:04','Nobis iusto corporis cum aspernatur aut at sint.'),
('582','82','82','1984-03-20 01:44:00','Et quo ea maiores facere eum adipisci.'),
('583','83','83','1974-02-23 04:17:37','Nemo eum non et expedita.'),
('584','84','84','2004-04-10 01:52:20','Et qui quas ut.'),
('585','85','85','2015-08-19 01:23:19','Inventore illo nostrum vero sunt dolore ut quisquam.'),
('586','86','86','2002-06-18 20:59:55','Et et itaque tempora quis consequatur ducimus saepe ut.'),
('587','87','87','1987-08-02 01:22:56','Enim doloribus et autem harum.'),
('588','88','88','1970-06-28 18:40:33','Quasi accusamus autem deserunt sed tenetur voluptatem error.'),
('589','89','89','2003-09-23 08:43:41','Omnis ad ut magnam et nisi molestias ut et.'),
('590','90','90','1976-03-15 09:12:25','Accusantium dolores accusamus aut consequatur eligendi doloribus.'),
('591','91','91','2017-04-23 10:24:15','Ratione dicta et autem.'),
('592','92','92','1986-05-26 12:34:51','Ea numquam labore deserunt qui.'),
('593','93','93','2002-08-02 02:09:13','Temporibus ad nostrum tempore aliquid labore veritatis excepturi.'),
('594','94','94','2006-06-21 09:09:32','Voluptas eligendi in tenetur quae veniam blanditiis.'),
('595','95','95','1999-09-12 10:56:57','Aut officiis nihil tempora officia sed.'),
('596','96','96','1981-09-22 01:37:05','Id veritatis quia ut qui modi doloremque aut.'),
('597','97','97','1986-08-21 22:11:30','Fugiat aut et rerum quas.'),
('598','98','98','1998-03-17 23:09:37','Culpa cupiditate cumque a molestiae.'),
('599','99','99','1988-01-29 08:40:58','Voluptas suscipit et quos repellat animi iste.'),
('600','100','100','2000-12-20 01:53:26','Cupiditate doloremque iusto illum aperiam rerum.'),
('601','1','1','1971-10-08 21:22:31','Ea doloremque et facilis et ut.'),
('602','2','2','1987-01-21 04:28:32','Consequuntur velit debitis dolores odit facere necessitatibus.'),
('603','3','3','2015-11-08 08:19:58','Ipsam qui velit quibusdam eum necessitatibus.'),
('604','4','4','1991-02-01 17:02:27','Est dolor aperiam non inventore fugit molestiae.'),
('605','5','5','1998-05-19 00:40:31','Nobis ut delectus officiis laborum voluptates.'),
('606','6','6','1973-07-29 23:06:00','Voluptatem eos facere quisquam vel quas.'),
('607','7','7','2015-05-01 14:01:46','Id non rerum commodi omnis eaque qui.'),
('608','8','8','1984-01-22 23:33:47','Quaerat consequatur odit maxime ut blanditiis reprehenderit quis.'),
('609','9','9','1971-12-17 11:33:51','Cupiditate incidunt possimus inventore iusto consequatur.'),
('610','10','10','1971-09-21 20:44:49','Hic voluptatem consectetur quibusdam voluptate deserunt iste.'),
('611','11','11','2002-08-16 02:10:09','Similique deserunt id culpa minus.'),
('612','12','12','1983-11-06 06:22:14','Quas alias porro nulla animi nobis a.'),
('613','13','13','1990-03-27 08:54:49','Vero doloribus est ad eligendi.'),
('614','14','14','2011-07-03 10:00:27','Dolorum quas explicabo nesciunt autem a voluptatibus vel facilis.'),
('615','15','15','2009-04-29 02:01:33','Sunt blanditiis occaecati ipsa deleniti rerum ipsa aliquid.'),
('616','16','16','2006-10-30 00:03:13','Est odio unde voluptas reiciendis.'),
('617','17','17','2018-11-29 12:11:15','Molestiae sit ut voluptatum optio eaque ipsa.'),
('618','18','18','2006-07-30 21:53:14','Qui explicabo magni ut autem tempore sed ipsam.'),
('619','19','19','1977-08-08 21:36:44','Dolor atque impedit explicabo.'),
('620','20','20','1986-09-29 09:08:48','Quod cum dolor eius et et natus ipsum.'),
('621','21','21','1997-11-12 18:11:11','Iusto consequatur voluptates totam esse.'),
('622','22','22','2004-08-23 03:51:34','Aliquid ipsum incidunt odio quibusdam.'),
('623','23','23','2002-04-12 02:05:32','Quo non mollitia eum.'),
('624','24','24','2008-05-07 15:25:17','Aut velit quo ducimus cumque.'),
('625','25','25','1982-05-02 06:58:31','Minima reiciendis vel optio velit sed labore eum suscipit.'),
('626','26','26','1993-06-18 16:37:58','Veritatis magnam dolorem est dolorem eum.'),
('627','27','27','1998-01-05 20:26:30','Assumenda labore culpa nihil illo quos.'),
('628','28','28','1981-02-20 11:35:14','Amet repellat quibusdam quaerat culpa incidunt.'),
('629','29','29','2003-04-07 17:47:07','Enim provident temporibus quae maiores ipsa maiores nobis.'),
('630','30','30','1990-05-12 01:31:31','Molestias aspernatur sit magnam id est quam.'),
('631','31','31','1985-04-21 00:44:23','Numquam minima modi omnis asperiores similique ea.'),
('632','32','32','2003-08-21 13:20:53','Et perferendis ea odit.'),
('633','33','33','1979-04-21 17:05:36','Et modi sed eum sunt fugiat voluptas perspiciatis.'),
('634','34','34','2007-03-18 01:11:04','Aspernatur amet ipsam quis vel exercitationem aliquam.'),
('635','35','35','1976-03-02 18:54:10','Sed nihil incidunt atque nulla nihil.'),
('636','36','36','1988-05-13 05:09:41','Deserunt id voluptas perferendis.'),
('637','37','37','2014-08-05 18:30:53','Numquam quia inventore temporibus voluptas illum veritatis.'),
('638','38','38','1992-02-12 00:18:15','Est commodi quo in voluptate.'),
('639','39','39','2016-04-25 22:25:37','Ut praesentium modi reprehenderit qui vel et veniam voluptates.'),
('640','40','40','1996-01-29 19:16:54','Sunt error nostrum at suscipit.'),
('641','41','41','2018-11-18 00:19:07','Qui deserunt ut deserunt sit corrupti.'),
('642','42','42','1986-09-22 16:01:48','Voluptatibus modi cupiditate rerum autem deserunt aut eos.'),
('643','43','43','1981-10-15 12:28:36','Aut cum quos sit et accusamus saepe.'),
('644','44','44','1977-05-08 14:28:32','Corrupti sunt dolorem quaerat aut.'),
('645','45','45','1991-09-21 12:06:34','Sit et et animi accusantium.'),
('646','46','46','2016-02-13 20:38:31','Et error eos adipisci voluptate perferendis necessitatibus atque aut.'),
('647','47','47','1992-04-25 04:44:17','Mollitia odit praesentium occaecati quis quia velit repudiandae.'),
('648','48','48','1971-03-17 20:01:38','Veniam quis quod ipsam adipisci.'),
('649','49','49','1981-08-08 12:25:21','Reiciendis natus itaque illo.'),
('650','50','50','2001-04-29 04:05:45','Veniam voluptatem illo perspiciatis.'),
('651','51','51','1977-05-15 03:36:04','Provident iure dolores enim aperiam.'),
('652','52','52','1990-10-09 18:23:17','Similique vel blanditiis maxime ex suscipit.'),
('653','53','53','1990-10-01 06:32:36','Rerum molestiae aut omnis molestiae.'),
('654','54','54','2001-07-10 17:34:12','Quis tempore et et quis ut.'),
('655','55','55','1983-03-03 05:45:16','Repellat nihil fuga a accusamus id accusantium quia.'),
('656','56','56','1982-11-20 21:58:55','Atque sunt dolor adipisci ut et quo blanditiis.'),
('657','57','57','2004-04-29 10:09:30','Voluptatem maiores animi quo rerum atque id.'),
('658','58','58','1984-06-25 01:53:47','Ipsa voluptas vel nesciunt nisi asperiores voluptatem.'),
('659','59','59','2008-07-29 04:58:22','Unde dicta perspiciatis laudantium voluptatibus ut quidem ratione iste.'),
('660','60','60','1986-02-25 22:36:55','Porro porro ex molestias magnam.'),
('661','61','61','1981-05-24 18:49:27','Voluptatum dolore nihil quo totam ea ut.'),
('662','62','62','1974-06-12 03:36:53','Non sunt voluptas praesentium.'),
('663','63','63','1973-09-13 01:57:28','Distinctio quam commodi autem aliquam.'),
('664','64','64','2003-11-11 12:38:10','Ratione corporis nobis similique est error sint.'),
('665','65','65','2013-06-10 04:38:43','Architecto asperiores voluptas qui facere.'),
('666','66','66','1997-06-20 05:36:28','Quia rerum ipsum possimus incidunt.'),
('667','67','67','2018-07-28 05:44:13','Deserunt modi dolor eaque reiciendis accusantium ab reprehenderit.'),
('668','68','68','1997-04-04 04:34:02','Cum nam consequatur expedita necessitatibus.'),
('669','69','69','2000-08-10 13:54:37','Qui possimus consectetur adipisci eligendi omnis eius.'),
('670','70','70','1978-04-22 01:19:09','Reiciendis eaque asperiores est dolor.'),
('671','71','71','2018-07-30 02:58:52','Illo quidem qui velit nulla officia.'),
('672','72','72','2009-01-12 17:09:50','Earum nihil quis dicta repellat facere sed.'),
('673','73','73','2017-07-24 07:57:56','Aliquam sit eligendi quam aut quia soluta.'),
('674','74','74','1970-09-23 08:19:48','Voluptatem fuga sunt temporibus id quis.'),
('675','75','75','2001-04-20 12:07:37','Qui doloremque voluptas vel illum est optio.'),
('676','76','76','2018-11-18 08:03:38','Repellat qui possimus reiciendis officia.'),
('677','77','77','1993-12-09 17:03:19','Eum est ut autem est aspernatur quod odit.'),
('678','78','78','1976-12-26 21:08:48','Suscipit blanditiis veritatis vel debitis neque itaque eum.'),
('679','79','79','1983-01-25 17:15:23','Eaque vero quas eum natus rem.'),
('680','80','80','1981-06-28 03:00:50','Rerum labore autem praesentium dolores consequatur.'),
('681','81','81','1986-05-03 17:08:24','Velit non et aut voluptas enim est.'),
('682','82','82','1975-07-30 08:50:11','Illum sint doloremque corporis veniam.'),
('683','83','83','1988-03-09 07:57:36','Hic nesciunt nulla illo consectetur.'),
('684','84','84','1994-11-20 22:09:01','Nobis aut quos doloribus occaecati fugiat cumque quisquam.'),
('685','85','85','2010-12-21 15:04:51','Odio voluptatem fuga et ea facere.'),
('686','86','86','1978-08-14 06:56:33','Beatae eos est accusantium aut nemo quo beatae nihil.'),
('687','87','87','1987-10-12 20:41:33','Ratione id provident maiores consequatur autem dolorem repellendus sunt.'),
('688','88','88','1997-01-30 09:47:22','Distinctio dolor quo consequatur ratione dolorem.'),
('689','89','89','1993-12-04 21:27:59','Minus architecto asperiores et repellendus quibusdam consequatur dicta.'),
('690','90','90','1980-01-25 10:49:12','Dolor ex rerum porro qui voluptatem ad laudantium.'),
('691','91','91','2016-04-25 12:01:13','Mollitia provident quasi eaque accusamus.'),
('692','92','92','1973-03-01 00:01:03','Eum ut quidem quo accusamus saepe est ea.'),
('693','93','93','1993-11-09 09:11:56','Quia sed quia ipsum quia soluta.'),
('694','94','94','2017-01-24 02:29:38','Et sequi praesentium atque vel rem.'),
('695','95','95','1998-05-30 06:18:49','Nisi voluptas impedit rem sapiente fugit.'),
('696','96','96','2019-04-11 04:40:00','Placeat est debitis sit vitae.'),
('697','97','97','2006-01-25 15:15:01','Cum doloremque neque sequi voluptas.'),
('698','98','98','2000-08-28 09:28:40','Et sit ex eos sapiente voluptas consequatur.'),
('699','99','99','1990-05-18 16:09:31','Quos ipsam veritatis exercitationem error laboriosam.'),
('700','100','100','1978-10-07 06:35:50','Vel autem neque ut totam odit incidunt.'),
('701','1','1','1979-07-28 10:07:44','Excepturi quo nam nemo perferendis hic rerum rerum.'),
('702','2','2','1995-02-21 10:16:59','Autem suscipit aperiam quis.'),
('703','3','3','1978-05-08 12:24:07','Assumenda perferendis mollitia quod inventore.'),
('704','4','4','2006-12-16 15:07:22','Amet cupiditate eum dolore.'),
('705','5','5','2008-05-20 16:01:58','Dolor commodi iusto rerum aut exercitationem blanditiis totam.'),
('706','6','6','2008-03-15 03:55:50','Quo in consectetur porro quo.'),
('707','7','7','1999-10-16 00:22:55','Et id nobis quibusdam.'),
('708','8','8','2005-01-16 18:08:29','Repellendus aut et quia quaerat omnis placeat quia.'),
('709','9','9','1982-12-08 09:29:45','Iure voluptas iure id est cumque libero.'),
('710','10','10','1989-08-04 11:33:32','Maxime qui non qui quia ullam nemo.'),
('711','11','11','1990-01-21 06:29:18','Ipsam nihil voluptas aperiam.'),
('712','12','12','2003-06-13 21:54:12','Aut qui aspernatur dolores.'),
('713','13','13','2001-02-10 13:04:49','Blanditiis aliquam iure iste et.'),
('714','14','14','2006-07-27 19:08:31','Dolorem minus porro consequatur quia necessitatibus.'),
('715','15','15','1979-05-24 03:34:21','Rerum voluptatum est quia labore id eveniet.'),
('716','16','16','1970-12-22 01:55:12','Qui rerum pariatur minima.'),
('717','17','17','2018-09-16 22:43:13','Aut eum dolorem aut quaerat consequatur voluptate.'),
('718','18','18','1997-04-14 01:24:15','Doloremque distinctio facere inventore qui dolores illo sit.'),
('719','19','19','2018-06-23 23:42:15','Non reiciendis iste impedit quo odit mollitia illo possimus.'),
('720','20','20','1979-04-11 23:30:22','Ut minima nobis unde sed inventore impedit.'),
('721','21','21','1974-10-01 21:30:04','Facilis asperiores error mollitia culpa sapiente laboriosam.'),
('722','22','22','2013-08-18 10:31:04','Quibusdam sed nesciunt quos hic expedita.'),
('723','23','23','2007-04-22 15:24:54','Vel voluptatem cupiditate repellat molestiae.'),
('724','24','24','1982-11-18 06:17:47','Aut quia veniam dolor possimus quo.'),
('725','25','25','1977-03-31 16:24:06','Autem dicta assumenda aut aspernatur possimus fuga.'),
('726','26','26','1975-04-22 04:19:58','Mollitia aut velit nobis veritatis.'),
('727','27','27','1974-08-29 09:58:20','Facere magni odit esse reiciendis veritatis non dignissimos.'),
('728','28','28','2010-08-27 19:53:58','Numquam occaecati quisquam ab ipsa facilis culpa recusandae.'),
('729','29','29','1972-08-15 16:42:36','Et eveniet ipsam dolorem libero aliquam ipsam qui.'),
('730','30','30','1979-07-21 04:09:34','Necessitatibus laborum cum quo alias recusandae consequuntur eos officia.'),
('731','31','31','1997-12-02 18:14:22','Praesentium voluptatibus id quia numquam.'),
('732','32','32','2017-08-13 00:03:47','Tempora eos id earum qui asperiores placeat ipsam in.'),
('733','33','33','1997-10-13 15:49:22','Eum repellendus quibusdam sit reiciendis sapiente omnis ad.'),
('734','34','34','1973-08-23 10:05:04','Voluptas animi qui ducimus animi.'),
('735','35','35','1996-09-06 04:31:15','Ut rerum pariatur et vitae.'),
('736','36','36','1980-09-10 11:10:54','Rerum totam sequi doloremque vitae earum necessitatibus.'),
('737','37','37','2003-04-04 05:01:25','Sint et dolorum enim voluptas et aut impedit optio.'),
('738','38','38','2011-03-11 15:04:34','Ut provident modi ex amet cupiditate quod aspernatur.'),
('739','39','39','1981-08-04 22:38:01','Quae non aut eius doloribus doloremque ipsum sint.'),
('740','40','40','2011-08-09 02:08:11','Et dignissimos minima est quasi.'),
('741','41','41','1980-08-01 10:30:20','Earum sit soluta inventore esse doloremque.'),
('742','42','42','1972-05-22 09:20:28','Qui aperiam consectetur dicta et quas et.'),
('743','43','43','1987-07-13 01:56:35','Placeat quidem et reiciendis molestiae eos reprehenderit quia.'),
('744','44','44','1998-10-16 20:50:15','Voluptas omnis quia quia dolores eum.'),
('745','45','45','2016-05-12 02:39:49','Rerum et reprehenderit voluptate nam.'),
('746','46','46','1973-06-22 12:35:00','Dolores tempora distinctio voluptatem.'),
('747','47','47','1985-05-30 19:19:06','Soluta modi consectetur repudiandae unde.'),
('748','48','48','1980-06-25 11:03:17','Corrupti aspernatur esse sequi nostrum reiciendis.'),
('749','49','49','1974-09-04 22:54:11','Dolores dolorum est quos odio.'),
('750','50','50','2015-05-03 08:26:09','Consequatur itaque aperiam in eveniet eum veniam sit.'),
('751','51','51','2014-02-03 23:30:57','Ut vero porro veniam nihil ipsa et soluta.'),
('752','52','52','1974-10-05 20:04:52','Unde vero accusamus rerum labore.'),
('753','53','53','1976-01-14 10:02:23','Rerum sed qui laboriosam quia distinctio nihil sit eum.'),
('754','54','54','1973-10-24 03:00:24','Qui amet sit et excepturi.'),
('755','55','55','2002-12-15 17:46:08','Possimus quos itaque totam ut rem molestias laudantium.'),
('756','56','56','1975-10-27 18:26:10','Voluptas est suscipit corporis sit necessitatibus autem error.'),
('757','57','57','1991-10-29 11:35:05','Voluptatem sunt qui quis odio molestiae eaque numquam.'),
('758','58','58','2013-08-25 06:55:37','Iure rerum magnam aut quis.'),
('759','59','59','2006-01-26 18:18:08','Sit modi dolorem quis nihil atque.'),
('760','60','60','2011-01-09 17:06:20','Et ea velit inventore accusantium itaque inventore.'),
('761','61','61','1983-03-30 11:56:37','Ab molestias vitae repellendus placeat.'),
('762','62','62','1978-04-18 07:17:41','Occaecati voluptatem doloremque deserunt aut a nostrum blanditiis facilis.'),
('763','63','63','1992-07-26 09:00:50','Ut eius iste ut.'),
('764','64','64','1998-03-24 16:09:52','Ex labore sequi ratione tempora temporibus perspiciatis optio quis.'),
('765','65','65','2005-07-04 18:32:52','Aut aut dolorem labore.'),
('766','66','66','2005-06-02 19:48:44','Omnis sint nemo sed.'),
('767','67','67','2004-12-20 08:58:37','Dignissimos distinctio dolorum dolor magnam.'),
('768','68','68','2004-10-07 19:55:26','Rerum eligendi non et et quasi.'),
('769','69','69','1976-06-09 21:54:05','Ut earum officia odio fugiat iste eos tempora.'),
('770','70','70','1972-12-15 16:39:44','Hic est perspiciatis quis reprehenderit nihil est aperiam.'),
('771','71','71','2008-09-18 14:35:27','Et non corporis aliquam ipsa excepturi quos.'),
('772','72','72','2013-05-08 12:38:25','Perferendis quia in voluptatem magnam aut iste.'),
('773','73','73','1993-04-16 21:22:21','Sapiente inventore delectus molestias ipsa magnam quam eos fugit.'),
('774','74','74','2016-04-04 18:59:19','Velit sit totam deleniti reiciendis praesentium.'),
('775','75','75','2004-04-15 04:47:17','Dolorem necessitatibus reprehenderit repellat beatae officia.'),
('776','76','76','1992-04-20 15:10:37','Corporis cum blanditiis nulla cum numquam sit.'),
('777','77','77','1978-10-16 03:46:27','Ex voluptatum molestias quam dicta.'),
('778','78','78','1978-12-09 14:35:49','Porro nam similique adipisci aliquid reprehenderit qui est vitae.'),
('779','79','79','2002-03-06 15:36:14','Optio cupiditate ab vitae quidem ipsam vel.'),
('780','80','80','1971-04-02 13:18:09','Itaque eos voluptatum optio quia libero neque facilis.'),
('781','81','81','2017-07-10 00:27:04','Optio consequuntur quia esse repellat magni accusantium velit.'),
('782','82','82','2006-11-04 08:59:23','Soluta itaque vel atque eligendi.'),
('783','83','83','2018-09-11 02:02:38','Ut et aliquam dolorem consequatur in.'),
('784','84','84','2009-10-24 11:07:46','Natus tenetur et et sequi est.'),
('785','85','85','1989-07-13 22:43:26','Deleniti ducimus iste expedita voluptate deleniti.'),
('786','86','86','2004-08-01 01:36:24','Rerum occaecati sed neque et.'),
('787','87','87','2018-09-20 04:56:31','Quia itaque aperiam culpa sint.'),
('788','88','88','2013-12-14 05:52:05','Corporis id odit quis ut eos quas.'),
('789','89','89','2011-06-23 07:57:57','Sunt aut natus aliquam quibusdam eos.'),
('790','90','90','1972-08-07 09:23:55','Omnis molestias amet culpa dolore saepe.'),
('791','91','91','2000-08-02 04:27:48','Magni ex ut suscipit aut.'),
('792','92','92','2012-12-20 21:59:43','Quibusdam similique facere voluptate molestias.'),
('793','93','93','1997-06-26 23:39:00','Ab sint in aut saepe nobis nulla.'),
('794','94','94','2006-04-17 00:27:05','Animi ut autem veniam voluptatem facilis odio sequi illo.'),
('795','95','95','1981-07-18 21:46:33','Porro sed nesciunt vel ad aliquid sint nam.'),
('796','96','96','2010-10-23 20:47:44','Laudantium dolores dolore consequuntur sit autem quod eligendi.'),
('797','97','97','1995-12-24 22:11:57','Et aut quis eligendi voluptatem in ratione cumque officiis.'),
('798','98','98','1996-06-09 16:03:21','Non architecto numquam molestiae dolorum eos.'),
('799','99','99','2018-11-16 13:17:28','Quod voluptas doloribus ut.'),
('800','100','100','1988-07-12 13:44:29','Quos occaecati recusandae itaque eius nam corrupti.'),
('801','1','1','1989-10-05 16:01:22','Repellat eaque consectetur et et.'),
('802','2','2','1982-09-14 03:49:02','Asperiores sed et doloribus.'),
('803','3','3','1986-04-14 21:32:19','Reiciendis dignissimos dolorem in temporibus ullam.'),
('804','4','4','1999-07-23 14:53:48','Expedita odio facere rerum neque.'),
('805','5','5','1993-01-14 22:50:14','Eum natus porro ratione quisquam.'),
('806','6','6','2017-02-22 14:04:51','Nobis possimus qui quasi enim.'),
('807','7','7','1987-12-31 05:52:09','Dolores facere minima officia et similique odio doloremque.'),
('808','8','8','1990-03-04 00:42:13','Commodi magnam aut inventore quibusdam id aut.'),
('809','9','9','2012-06-03 04:12:26','Quia quibusdam sapiente aspernatur suscipit.'),
('810','10','10','1993-01-23 12:59:22','Qui accusamus sint quia quod amet velit consequatur quo.'),
('811','11','11','2010-02-11 00:55:26','Quod a omnis consequatur at tenetur ducimus consequatur enim.'),
('812','12','12','2001-02-02 18:05:03','Tenetur dolore exercitationem dolorem.'),
('813','13','13','2015-09-17 10:02:16','Et fuga culpa natus numquam minus dolore amet.'),
('814','14','14','1978-02-03 15:03:17','Et deserunt modi rem voluptas quia.'),
('815','15','15','1982-04-11 05:57:29','Impedit accusamus culpa consequatur laudantium ut.'),
('816','16','16','2016-12-31 17:43:08','Ut id vel quis.'),
('817','17','17','2007-01-14 11:26:55','Eum unde dolor est et unde iste.'),
('818','18','18','2019-03-08 20:56:47','Distinctio illum temporibus omnis ipsam maiores eaque dolor.'),
('819','19','19','2019-04-08 21:33:50','At nihil soluta itaque beatae optio.'),
('820','20','20','1984-11-10 20:16:34','Porro ea cumque cumque praesentium sint qui.'),
('821','21','21','1975-02-27 23:44:52','Libero consequuntur nihil sed nihil veniam nemo est rem.'),
('822','22','22','1978-01-31 13:22:13','Facere mollitia dolorem a consequatur optio esse dolores.'),
('823','23','23','2017-05-18 13:10:35','Illo dolorem illum nihil.'),
('824','24','24','2002-09-10 04:36:12','Omnis dolores beatae necessitatibus est quibusdam.'),
('825','25','25','1999-09-23 21:25:26','Eveniet neque autem facilis.'),
('826','26','26','1989-02-08 02:03:54','Sit placeat voluptatum quod et doloremque.'),
('827','27','27','1982-11-27 21:44:02','Id facilis maxime temporibus aut dolores cumque molestiae.'),
('828','28','28','1971-02-07 14:12:38','Ipsam fugiat ut molestiae et inventore.'),
('829','29','29','2010-12-03 02:30:00','Voluptas tempore sint tenetur qui at maiores provident.'),
('830','30','30','1999-02-02 23:40:07','Quam alias fugit ut consequatur cumque.'),
('831','31','31','2002-11-27 16:28:45','Necessitatibus mollitia suscipit tempora soluta qui.'),
('832','32','32','2015-07-04 15:54:00','Nemo inventore et iste illum.'),
('833','33','33','2015-01-16 19:21:07','Quia totam non voluptatem sit possimus aperiam voluptas.'),
('834','34','34','1978-08-27 14:58:31','Doloremque reprehenderit sit ut sint.'),
('835','35','35','1973-08-15 19:36:38','Accusantium consequatur illum impedit.'),
('836','36','36','2003-02-07 05:07:18','Ad dolorum et tempore et.'),
('837','37','37','2012-10-21 05:15:55','Eum ut velit nobis eveniet.'),
('838','38','38','1993-02-04 13:33:41','Itaque et quia cumque omnis fugiat ipsum culpa.'),
('839','39','39','1986-01-11 02:48:27','Sint voluptatibus dolores asperiores nobis consequatur.'),
('840','40','40','2017-12-11 11:18:04','Odit nihil voluptatem et reiciendis neque.'),
('841','41','41','2014-03-05 14:10:30','Deleniti sit esse sit aliquid ea.'),
('842','42','42','2017-12-19 14:25:38','Veritatis amet nulla neque nisi.'),
('843','43','43','1970-07-07 03:30:34','Iste aut nulla dolorem esse dolor.'),
('844','44','44','2010-01-12 16:57:45','Voluptas quis aliquid sint esse ad.'),
('845','45','45','2016-01-19 07:32:17','Voluptatum odio sapiente quia atque.'),
('846','46','46','1992-11-13 11:19:07','Quia reiciendis architecto ex nesciunt deleniti voluptas.'),
('847','47','47','1986-11-11 08:16:12','Est quisquam omnis et molestiae qui enim et.'),
('848','48','48','1972-02-12 13:01:36','Consequuntur sit inventore aut consequatur eum voluptatem est debitis.'),
('849','49','49','1984-05-21 18:43:59','Molestiae ullam voluptas repudiandae sit vel aut et.'),
('850','50','50','2004-08-22 00:57:50','Ex fuga omnis repellat est.'),
('851','51','51','1984-08-06 17:39:54','Esse ipsum voluptatem nobis.'),
('852','52','52','1998-11-24 22:35:58','Mollitia asperiores est sunt nam sint facilis officia.'),
('853','53','53','2009-01-04 13:44:31','Nemo repudiandae unde ducimus qui doloribus.'),
('854','54','54','2004-07-12 21:32:38','Est eveniet dolores quibusdam eos.'),
('855','55','55','1978-04-17 12:22:28','Sapiente autem eum minima quae aut doloribus.'),
('856','56','56','2011-06-16 13:11:58','Nihil nulla unde et similique nisi qui laudantium.'),
('857','57','57','1985-02-15 16:32:08','Ullam animi eaque commodi non fuga incidunt.'),
('858','58','58','2014-12-25 23:01:17','Voluptatibus quod exercitationem voluptas saepe.'),
('859','59','59','1982-01-11 16:59:51','Aut sapiente sequi autem est.'),
('860','60','60','2010-06-27 20:50:03','Dolores et eligendi at nesciunt eum eos minus modi.'),
('861','61','61','1979-04-01 11:09:56','Harum rerum qui quas aliquam provident.'),
('862','62','62','1996-04-26 12:23:35','Voluptate quia qui corrupti odio et voluptas et.'),
('863','63','63','1980-10-03 14:31:56','Ut fuga ipsa voluptatem minus.'),
('864','64','64','1980-09-12 07:21:18','Velit sit deleniti pariatur optio eos eligendi.'),
('865','65','65','1981-05-02 21:26:08','Nihil laudantium omnis nemo ea.'),
('866','66','66','1977-09-30 09:15:33','Ea eum iusto rerum laboriosam necessitatibus vel doloremque.'),
('867','67','67','1976-03-23 00:30:10','Et sunt voluptatem numquam ut.'),
('868','68','68','1979-09-28 17:53:01','Fugiat voluptas quo sed quas.'),
('869','69','69','1998-12-26 15:11:58','Consequuntur nulla corrupti maxime eius ut necessitatibus.'),
('870','70','70','2016-07-03 16:51:17','Expedita sequi in rerum rerum vel earum.'),
('871','71','71','1993-11-09 14:03:29','Aliquid ut magni repudiandae fugit ea necessitatibus.'),
('872','72','72','2009-07-27 01:16:02','Mollitia corrupti facere quasi iste qui et excepturi minima.'),
('873','73','73','1970-09-15 16:18:58','Est possimus dicta sapiente quis.'),
('874','74','74','1970-07-11 00:02:20','In aut quam molestiae.'),
('875','75','75','2007-02-22 10:20:26','Velit illo quo adipisci consequuntur natus.'),
('876','76','76','2017-12-19 08:11:28','Et quas commodi sed necessitatibus.'),
('877','77','77','2016-08-10 22:18:31','Aut et ratione veniam suscipit.'),
('878','78','78','1979-05-10 06:52:16','Dolor in impedit non.'),
('879','79','79','2010-01-04 16:21:02','Eos id et ut fugit.'),
('880','80','80','2019-03-03 14:30:52','Velit qui aliquam qui consequatur autem soluta.'),
('881','81','81','1988-09-24 07:47:33','Quia repellat aspernatur fugiat ducimus.'),
('882','82','82','2000-12-05 13:48:22','Nihil iure nihil error nulla ratione recusandae et.'),
('883','83','83','2010-03-18 08:51:37','Molestiae laudantium voluptas repellat quibusdam inventore consectetur reprehenderit saepe.'),
('884','84','84','1976-03-07 01:06:27','Vero natus nam ad dolores est dolor.'),
('885','85','85','1995-06-29 06:25:20','Recusandae in ducimus non esse expedita perferendis ea.'),
('886','86','86','1987-04-26 18:03:53','Exercitationem praesentium nisi adipisci ad quam architecto hic.'),
('887','87','87','1987-05-18 01:48:45','Neque ab accusantium et quis.'),
('888','88','88','2017-01-14 16:54:38','Quae commodi a quo fugit cupiditate.'),
('889','89','89','1985-11-27 08:23:30','Sunt accusantium veritatis deserunt illo.'),
('890','90','90','1992-09-17 07:13:40','Ratione sit fugit est veniam odio explicabo.'),
('891','91','91','2010-06-30 04:47:18','Id qui reiciendis architecto rem exercitationem expedita molestiae praesentium.'),
('892','92','92','1997-07-03 02:41:46','Tenetur laborum sit sunt quidem.'),
('893','93','93','2000-02-07 11:33:52','Perspiciatis et ut dignissimos.'),
('894','94','94','1981-08-13 23:58:55','Omnis unde perspiciatis deleniti dolores libero blanditiis quas.'),
('895','95','95','2012-02-23 21:24:04','Sed animi molestiae numquam.'),
('896','96','96','1991-05-09 01:45:06','Doloribus est laboriosam dolore est aut ea et.'),
('897','97','97','2005-01-21 16:06:07','Repudiandae fuga aliquid officia necessitatibus et ratione in.'),
('898','98','98','1996-06-29 13:19:29','Numquam voluptatem quia nemo.'),
('899','99','99','1974-06-23 05:27:15','Maiores harum amet quo nihil.'),
('900','100','100','2018-10-23 16:34:36','Facilis dolores ad qui aut.'),
('901','1','1','1978-09-05 20:11:12','Nostrum quod ut quia et natus inventore voluptatem.'),
('902','2','2','2013-07-19 11:04:26','Corrupti error atque qui unde.'),
('903','3','3','2004-08-05 13:14:25','Repellendus labore quo reiciendis occaecati velit excepturi et aspernatur.'),
('904','4','4','1977-12-14 22:22:11','Id amet perspiciatis explicabo beatae.'),
('905','5','5','2013-10-16 04:10:28','Et eum et repellendus reiciendis dolorum.'),
('906','6','6','2011-03-23 04:34:20','Officiis tempore assumenda dolorum quia eum eum.'),
('907','7','7','1998-07-19 19:08:17','Laudantium vel eum magni autem ipsum exercitationem doloribus dicta.'),
('908','8','8','1978-12-03 22:38:42','Odit quos dolore delectus ut est iure.'),
('909','9','9','1991-09-06 19:58:45','Aspernatur quae vero repellat est enim qui velit.'),
('910','10','10','1971-04-01 12:18:17','Id est harum dicta suscipit quos.'),
('911','11','11','2013-07-31 03:47:57','Animi asperiores qui pariatur magnam.'),
('912','12','12','1985-06-23 08:58:09','Ab a itaque et aliquid blanditiis.'),
('913','13','13','1982-04-29 00:52:06','Praesentium deserunt libero nemo sint.'),
('914','14','14','2019-01-27 03:22:47','Voluptas itaque voluptas excepturi incidunt nulla similique similique itaque.'),
('915','15','15','1981-06-28 06:41:38','Necessitatibus esse iste quis accusamus a deserunt recusandae.'),
('916','16','16','2019-04-03 08:09:38','Sit ab dolorem enim et neque et dolorum reprehenderit.'),
('917','17','17','2002-07-30 07:20:46','Optio et qui sint quas.'),
('918','18','18','2006-10-15 22:43:36','Ut inventore voluptatem necessitatibus commodi.'),
('919','19','19','2016-04-03 10:36:18','Laborum ipsum sed cupiditate eum.'),
('920','20','20','1988-05-09 11:58:45','Perferendis quisquam corrupti sunt a incidunt et.'),
('921','21','21','2018-11-05 12:07:39','Veritatis enim ratione eaque et inventore corporis ullam.'),
('922','22','22','2005-08-31 21:25:07','Eum delectus et illo voluptas beatae nulla et.'),
('923','23','23','2002-10-15 17:39:01','Id error id eum.'),
('924','24','24','1984-08-10 17:46:18','Enim exercitationem fugit aut nihil amet.'),
('925','25','25','2005-06-25 11:38:13','Est assumenda officia id ut alias est libero ut.'),
('926','26','26','2002-08-23 00:31:08','Quaerat ut culpa quia cupiditate.'),
('927','27','27','2018-06-18 22:43:20','Nostrum maiores in voluptas sequi aut maiores autem ut.'),
('928','28','28','1983-10-23 03:41:39','Enim cum omnis et possimus animi.'),
('929','29','29','1983-10-02 09:05:23','Omnis et eligendi et qui ut ipsum.'),
('930','30','30','1999-06-11 23:50:44','Quia omnis impedit harum voluptate repellendus.'),
('931','31','31','1982-03-05 15:48:36','Voluptas provident inventore rem qui.'),
('932','32','32','1990-01-10 04:22:40','Quia neque et quia nihil veritatis aut neque.'),
('933','33','33','1974-04-14 12:05:45','Eligendi facere sint quia beatae ea facilis autem.'),
('934','34','34','1988-10-23 17:19:28','Rerum nulla et similique modi explicabo voluptatem quisquam.'),
('935','35','35','1995-04-18 06:57:33','Et tenetur voluptatem quia facilis.'),
('936','36','36','1989-02-01 15:38:09','Enim et nihil ipsa rem dolor.'),
('937','37','37','2002-11-24 04:49:49','Odit consectetur aperiam rem consequatur consectetur.'),
('938','38','38','2005-10-26 15:24:50','Ab nobis quam qui eveniet officia.'),
('939','39','39','1982-09-23 00:12:26','Ab autem rerum sit voluptate officiis qui officiis.'),
('940','40','40','1973-01-14 11:01:06','Consequatur voluptatem qui eos.'),
('941','41','41','1982-02-08 02:03:11','Quasi ut fuga sed beatae rerum sapiente excepturi.'),
('942','42','42','1982-05-31 18:13:49','Id mollitia molestiae dicta sunt molestiae.'),
('943','43','43','1979-11-14 08:41:40','A unde saepe ullam et voluptas voluptatem voluptas.'),
('944','44','44','1971-07-20 02:05:17','Praesentium earum dignissimos neque aut vel accusantium.'),
('945','45','45','2019-03-13 00:09:16','Rerum eveniet et autem aut.'),
('946','46','46','2015-04-20 14:53:22','Reiciendis vel voluptatum explicabo sit odit.'),
('947','47','47','2000-08-05 22:36:52','Ut qui voluptatem et occaecati consequatur in odit.'),
('948','48','48','2002-08-06 03:51:09','Facere optio praesentium et eos.'),
('949','49','49','1994-02-03 06:54:42','Sunt ullam perferendis sed magnam et fugiat cum.'),
('950','50','50','1976-11-03 11:38:23','Porro earum exercitationem laborum.'),
('951','51','51','2014-03-16 01:53:28','Porro possimus nihil rerum hic voluptatum est tempora.'),
('952','52','52','2018-10-14 00:16:50','Ipsa eveniet necessitatibus qui placeat maiores molestiae.'),
('953','53','53','2006-09-05 10:08:34','Expedita dolores ab enim sequi non iusto eligendi.'),
('954','54','54','1972-03-08 07:09:57','Atque fuga voluptatum eligendi earum facilis distinctio.'),
('955','55','55','2018-02-22 12:02:32','Perspiciatis aut quaerat dolorem rem necessitatibus.'),
('956','56','56','1984-07-03 06:37:02','Dolore voluptas illo sint rerum at quibusdam soluta aut.'),
('957','57','57','1973-06-21 23:28:19','Assumenda voluptate maxime et enim tempore.'),
('958','58','58','1996-07-03 16:34:08','Sed sit dolorem reiciendis dolor voluptas nesciunt error.'),
('959','59','59','2016-01-08 23:35:25','Quod qui fuga aliquid est.'),
('960','60','60','1977-01-22 02:28:26','Molestiae necessitatibus qui aspernatur modi nobis et et.'),
('961','61','61','1983-12-11 23:03:24','Magnam est blanditiis voluptatem assumenda non molestias.'),
('962','62','62','1977-06-06 17:51:42','Doloribus qui quo dolor modi debitis mollitia.'),
('963','63','63','1977-09-27 16:49:00','Harum ea eligendi aut fugiat non quis nobis.'),
('964','64','64','1994-07-21 21:26:02','Molestias voluptate dolor atque enim illum.'),
('965','65','65','2017-09-09 17:27:43','Facilis dolores voluptates et laboriosam.'),
('966','66','66','1996-09-10 00:29:26','Expedita quae optio similique qui alias voluptate optio non.'),
('967','67','67','1979-02-05 15:46:09','Dolorem perferendis sapiente provident molestiae.'),
('968','68','68','1986-07-14 04:56:28','Et voluptatem ullam rerum velit.'),
('969','69','69','1996-03-29 01:22:10','Sunt excepturi repellendus quasi ipsa natus sunt error.'),
('970','70','70','2013-11-30 08:48:36','Excepturi omnis blanditiis recusandae magnam sapiente.'),
('971','71','71','2011-03-28 03:40:31','Fugit est eaque assumenda vero.'),
('972','72','72','1989-01-29 07:17:23','Placeat natus harum ducimus in voluptatum sit.'),
('973','73','73','1999-12-31 09:24:32','Aut quidem est qui aliquam.'),
('974','74','74','1985-04-21 07:00:44','Maxime voluptatem laboriosam alias eos.'),
('975','75','75','2003-05-27 22:30:54','Nobis quidem qui debitis voluptatum blanditiis quasi perferendis quia.'),
('976','76','76','1997-09-17 21:48:11','Quia rerum commodi quos consequatur ut veritatis nostrum inventore.'),
('977','77','77','1986-08-27 23:57:50','Beatae ea quis velit porro.'),
('978','78','78','2013-03-03 23:24:07','Qui voluptas voluptas ea.'),
('979','79','79','1976-12-19 09:03:51','Quia itaque est ut vitae molestiae veritatis ea et.'),
('980','80','80','2011-12-14 01:22:16','Vel sint rerum aut fugit dolores aliquam.'),
('981','81','81','1982-10-05 09:19:28','Vitae tenetur repellendus voluptas voluptates.'),
('982','82','82','1989-02-24 03:27:07','Inventore incidunt delectus voluptas voluptas eos.'),
('983','83','83','1979-03-25 23:31:04','Quas eaque quis dolorem magni ducimus laudantium dolorum.'),
('984','84','84','1977-05-06 09:05:01','Dolor incidunt laborum expedita qui culpa.'),
('985','85','85','2018-05-27 16:42:27','Occaecati animi ut ea ut consequatur.'),
('986','86','86','2005-07-09 06:08:22','Ab velit et excepturi.'),
('987','87','87','2004-02-03 02:37:03','Labore cumque quaerat nobis iusto.'),
('988','88','88','1983-02-17 06:00:36','Reiciendis nesciunt velit quis autem enim architecto.'),
('989','89','89','1999-08-11 03:12:28','Quisquam inventore voluptas enim ad sed nostrum at.'),
('990','90','90','2019-05-08 16:25:05','Eligendi vel est id.'),
('991','91','91','1991-11-27 03:13:25','Dolorem quo delectus porro eum dolores voluptatem.'),
('992','92','92','1970-05-08 02:48:34','Optio sequi autem ut quia vitae recusandae aut.'),
('993','93','93','1986-06-14 13:12:06','Consequatur ad ipsam quod nemo.'),
('994','94','94','1998-11-19 15:46:49','Id repellat ab incidunt aut aliquid sit distinctio explicabo.'),
('995','95','95','1987-07-26 07:17:26','Ea voluptas repudiandae officia repellendus ratione natus.'),
('996','96','96','1978-09-08 02:05:23','Et nesciunt non aut nisi qui numquam veritatis.'),
('997','97','97','2001-07-12 17:27:05','Sint vel quis sed in quidem sint.'),
('998','98','98','1970-08-29 07:17:10','Dolorum et illo dolores labore et ipsa sequi eveniet.'),
('999','99','99','1973-07-07 17:37:18','Quasi ea autem amet est ut est reiciendis corrupti.'),
('1000','100','100','2014-05-09 16:35:50','Quis id harum est id deleniti qui id.'); 


drop table if exists watch_histories;
create table watch_histories (
	user_id bigint unsigned not null,
	video_id bigint unsigned not null,
	watched_at datetime default now(),
	
	primary key (user_id, video_id),
	foreign key (user_id) references users(id),
	foreign key (video_id) references videos(id)
);



INSERT INTO `watch_histories` VALUES ('1','1','2014-12-14 18:06:24'),
('2','2','1987-09-29 22:20:52'),
('3','3','2006-04-30 12:40:16'),
('4','4','1992-02-18 23:51:11'),
('5','5','1980-06-10 01:11:31'),
('6','6','2002-07-28 17:17:12'),
('7','7','1985-08-07 03:05:38'),
('8','8','2000-05-29 12:00:21'),
('9','9','1989-05-26 04:13:28'),
('10','10','2004-04-09 12:46:45'),
('11','11','1979-09-23 03:21:27'),
('12','12','1973-06-19 07:21:59'),
('13','13','1993-10-02 02:54:44'),
('14','14','2010-01-15 01:03:35'),
('15','15','1995-12-21 17:09:00'),
('16','16','2003-08-19 06:28:19'),
('17','17','1972-04-07 05:15:53'),
('18','18','1994-07-14 14:50:49'),
('19','19','1992-09-10 14:58:51'),
('20','20','2011-01-30 05:47:25'),
('21','21','1981-09-18 09:54:57'),
('22','22','1983-11-02 22:19:54'),
('23','23','1994-06-11 02:26:55'),
('24','24','1999-06-13 18:14:44'),
('25','25','1972-12-12 05:20:15'),
('26','26','1972-05-01 09:43:53'),
('27','27','1976-09-15 08:17:35'),
('28','28','2014-04-03 03:32:55'),
('29','29','2017-01-05 03:59:43'),
('30','30','2009-05-10 09:10:06'),
('31','31','2009-07-27 15:53:07'),
('32','32','2009-12-01 17:41:38'),
('33','33','1978-09-04 04:14:02'),
('34','34','2013-11-20 18:09:14'),
('35','35','1984-06-20 07:28:20'),
('36','36','2000-02-17 03:47:13'),
('37','37','2012-12-16 08:26:37'),
('38','38','1996-06-09 04:41:26'),
('39','39','1979-11-09 16:24:16'),
('40','40','1972-11-13 02:24:17'),
('41','41','2003-07-17 12:48:26'),
('42','42','1991-09-15 03:59:18'),
('43','43','1990-10-27 18:47:28'),
('44','44','2009-08-12 09:47:08'),
('45','45','1989-12-15 05:05:24'),
('46','46','2006-09-15 19:47:54'),
('47','47','2000-08-12 08:52:28'),
('48','48','1985-09-23 17:49:45'),
('49','49','2017-01-26 17:40:44'),
('50','50','1997-01-10 03:39:42'),
('51','51','2012-07-21 07:07:03'),
('52','52','1987-05-13 19:41:16'),
('53','53','1980-06-01 05:00:44'),
('54','54','2018-06-23 12:53:54'),
('55','55','1982-01-25 10:00:07'),
('56','56','2012-07-15 00:21:18'),
('57','57','1971-05-22 14:18:21'),
('58','58','1978-12-16 18:59:46'),
('59','59','1977-07-19 19:14:19'),
('60','60','1996-10-13 14:15:59'),
('61','61','2004-09-16 20:50:12'),
('62','62','1992-10-08 11:43:23'),
('63','63','1997-07-15 07:00:01'),
('64','64','1997-10-29 21:00:04'),
('65','65','2007-04-30 19:50:42'),
('66','66','1986-03-22 04:11:53'),
('67','67','1980-07-06 21:21:55'),
('68','68','1996-06-14 22:30:07'),
('69','69','1979-08-26 17:50:59'),
('70','70','1977-08-25 20:25:19'),
('71','71','1990-03-23 07:25:27'),
('72','72','1988-01-31 21:32:19'),
('73','73','2004-05-01 22:26:49'),
('74','74','2015-05-17 23:44:03'),
('75','75','1992-12-20 15:48:54'),
('76','76','1970-12-13 12:15:18'),
('77','77','2002-10-25 14:53:44'),
('78','78','2005-04-29 07:56:34'),
('79','79','2010-11-14 12:49:46'),
('80','80','2011-03-03 09:43:10'),
('81','81','1993-08-22 04:23:14'),
('82','82','1997-08-04 03:27:19'),
('83','83','1988-07-14 05:28:32'),
('84','84','1999-10-07 15:12:31'),
('85','85','2010-10-12 07:01:36'),
('86','86','1972-09-12 11:46:44'),
('87','87','2003-07-26 23:58:06'),
('88','88','1980-07-19 19:59:06'),
('89','89','1973-09-27 00:32:50'),
('90','90','2010-01-23 13:28:07'),
('91','91','2019-04-03 03:30:54'),
('92','92','1987-07-10 20:47:49'),
('93','93','1975-10-23 08:45:00'),
('94','94','1977-11-30 05:22:20'),
('95','95','1979-03-18 09:28:04'),
('96','96','1987-06-12 13:27:38'),
('97','97','2013-08-27 13:31:45'),
('98','98','2006-01-11 04:24:09'),
('99','99','2014-02-23 16:41:00'),
('100','100','1982-07-21 00:21:28'); 

drop table if exists search_histories;
create table search_histories (
	id serial primary key,
	user_id bigint unsigned not null,
	search_request varchar(200),
	searched_at datetime default now(),
	
	foreign key (user_id) references users(id)
);


INSERT INTO `search_histories` VALUES ('1','1','Quia quisquam sit praesentium aut sint eius quas.','1981-04-10 04:43:45'),
('2','2','Maiores est eius aut dolor consequuntur est.','2018-10-25 13:21:50'),
('3','3','Nemo eum quia earum reiciendis ad sunt.','2017-08-14 08:14:54'),
('4','4','Corporis et similique earum et cumque quasi.','2000-05-06 22:15:19'),
('5','5','Sint velit sapiente aperiam nisi non.','1974-11-17 02:09:23'),
('6','6','Quae excepturi id explicabo sit nisi sunt esse.','1973-04-11 02:12:55'),
('7','7','Minima porro id velit accusantium tenetur.','1974-08-02 02:13:33'),
('8','8','Adipisci quis occaecati neque eligendi similique.','1976-07-18 06:05:38'),
('9','9','Quisquam doloremque ut id maxime.','2014-01-07 16:38:07'),
('10','10','Consequatur veniam consequatur voluptates.','1986-06-21 23:05:53'),
('11','11','Ab dolore et laudantium ullam nostrum.','2009-11-28 01:05:18'),
('12','12','Ut non officiis esse amet voluptatem voluptate reiciendis.','1991-02-01 04:40:23'),
('13','13','Assumenda et dolorem ut.','1996-12-09 00:00:25'),
('14','14','Nemo ipsum dolorem possimus quaerat adipisci ut consequatur.','1978-04-21 08:09:36'),
('15','15','Id atque voluptatem atque similique est.','1984-10-24 04:07:11'),
('16','16','Sed impedit minus dolor quaerat.','2008-03-18 22:56:59'),
('17','17','Modi corrupti culpa quam eos reprehenderit.','2003-05-22 09:18:33'),
('18','18','Distinctio labore quidem quae nemo ut ad.','1992-11-04 23:42:54'),
('19','19','Consectetur voluptas culpa deserunt ut ea reiciendis dignissimos.','2010-03-27 11:26:08'),
('20','20','Itaque nisi quo vel sint ea atque.','1990-02-28 19:13:01'),
('21','21','Provident dolorum numquam sequi id minima.','1987-06-19 13:18:03'),
('22','22','Nisi harum quibusdam asperiores magni.','2015-06-30 23:19:00'),
('23','23','Et laudantium beatae esse quod eum possimus aliquam.','1987-05-11 00:06:41'),
('24','24','Dignissimos praesentium omnis quia quidem dolor itaque laborum.','1985-02-16 10:08:07'),
('25','25','Soluta voluptatem beatae placeat voluptas aut velit quos.','1982-08-22 18:54:37'),
('26','26','Temporibus quia doloribus architecto excepturi sed.','1984-05-25 14:54:54'),
('27','27','Et sunt molestiae ipsum dolorem.','2007-09-25 20:13:30'),
('28','28','Accusamus quas nemo consequatur consequatur quibusdam.','1971-01-07 01:01:34'),
('29','29','Provident quos fugit ducimus officia.','1999-10-12 01:15:23'),
('30','30','Et magni quae qui aut occaecati quia.','2016-12-26 23:37:10'),
('31','31','Maiores quo sit omnis dolorem.','2008-04-09 08:16:18'),
('32','32','Nesciunt sunt alias molestiae hic sed temporibus exercitationem.','1984-04-16 14:22:53'),
('33','33','Quis perferendis eos illo quisquam neque eius.','1989-03-14 02:09:10'),
('34','34','Non ad eius ex error est in perferendis.','2002-04-13 04:06:15'),
('35','35','Saepe est in deserunt excepturi.','2012-05-11 21:16:46'),
('36','36','Veniam iusto optio sequi voluptatem dolores sint labore repellendus.','1993-02-14 18:07:18'),
('37','37','Voluptate perspiciatis ipsa magnam aperiam.','1995-11-14 07:44:33'),
('38','38','Laudantium voluptatum provident quod sequi ut consequatur.','1995-08-31 04:01:43'),
('39','39','Vero quia accusamus at qui.','2001-09-17 05:34:42'),
('40','40','Et atque repellat aut consequatur delectus illum.','1995-05-17 17:50:03'),
('41','41','Qui totam at vero velit atque harum.','1997-08-22 05:47:13'),
('42','42','Consequatur voluptatem adipisci est voluptatem culpa.','1987-11-08 00:11:36'),
('43','43','Expedita est consequuntur perferendis ea.','1996-05-14 09:58:57'),
('44','44','Excepturi et et excepturi aut rem eos sit.','2000-05-30 08:14:29'),
('45','45','Sed placeat commodi ipsa dolorem id esse rerum porro.','1971-10-27 11:57:05'),
('46','46','Eos porro in provident odio itaque nobis amet iste.','2014-07-30 02:52:57'),
('47','47','Laudantium libero voluptatem doloribus est possimus dolorem.','2017-02-04 00:19:54'),
('48','48','Dolores non qui adipisci et et alias rerum.','2010-07-10 01:46:20'),
('49','49','Non voluptas ea autem nam.','1992-06-01 10:17:23'),
('50','50','Et reprehenderit est accusamus magnam mollitia quae sunt.','1985-01-19 14:19:19'),
('51','51','Et quia optio consequuntur officia quo veritatis dolores.','1971-07-25 10:05:45'),
('52','52','Eos temporibus sint magnam aut a.','2002-11-08 19:49:39'),
('53','53','Voluptatibus ut nisi error voluptatem aut architecto et.','2004-03-21 19:26:43'),
('54','54','Qui voluptas alias iure eveniet harum culpa.','2004-05-02 05:11:40'),
('55','55','Dolorem voluptatem eum nam assumenda ea laboriosam est.','1977-01-07 11:45:02'),
('56','56','Possimus iste consequatur labore.','2007-01-27 22:08:37'),
('57','57','Ratione exercitationem beatae beatae velit voluptatem.','1993-06-14 01:06:00'),
('58','58','In quia rem odit qui quia.','1986-12-05 05:12:11'),
('59','59','Illum eius dolore ab et.','1978-05-10 08:56:00'),
('60','60','Veritatis officiis soluta quis voluptatem nihil mollitia sed.','1997-01-07 20:49:41'),
('61','61','Aut reprehenderit aut ab ut quam.','1994-07-09 20:07:10'),
('62','62','Aut quis dolorem veniam.','1982-08-17 04:27:59'),
('63','63','In omnis et ut.','1971-10-24 09:58:12'),
('64','64','Consectetur asperiores sed molestias veritatis dicta et.','1986-02-24 00:30:13'),
('65','65','Vel harum id fuga saepe similique rerum officiis.','1998-06-04 23:07:06'),
('66','66','Ipsum corporis commodi dignissimos laborum aut.','1973-04-05 08:30:59'),
('67','67','Et autem qui illum alias porro qui.','2014-06-13 07:19:00'),
('68','68','Doloribus doloribus sed labore aut expedita omnis.','1983-09-04 11:55:27'),
('69','69','Nam rerum veniam illum.','1974-08-27 13:19:50'),
('70','70','Sit tempora autem aut.','1989-03-11 17:26:05'),
('71','71','Officia eaque ipsa enim soluta unde.','2009-11-27 09:27:41'),
('72','72','Quis voluptatem sint id officia.','2009-12-25 23:41:42'),
('73','73','Et id aut reprehenderit voluptatum.','2000-09-18 03:45:54'),
('74','74','Sunt nobis harum praesentium asperiores.','2001-05-04 08:56:10'),
('75','75','Quidem sit maxime mollitia dolores odio.','2009-09-21 05:34:08'),
('76','76','Doloremque ad temporibus officiis distinctio odio molestiae adipisci.','1986-02-20 21:29:01'),
('77','77','Sed provident cupiditate possimus fugit.','2019-06-21 08:07:44'),
('78','78','Dolor nostrum sapiente similique culpa aut modi.','1982-09-05 09:45:00'),
('79','79','Ex quibusdam hic impedit a ut.','1976-06-11 23:48:11'),
('80','80','Dolores aut beatae dolorum voluptas.','2004-06-11 10:45:47'),
('81','81','Eius porro aut at sed.','1983-11-29 15:08:26'),
('82','82','Tempore quaerat magnam tempora non.','1979-05-03 22:43:04'),
('83','83','Voluptatum sunt qui animi blanditiis rerum.','1976-12-03 19:12:34'),
('84','84','Ut nemo ea ipsum sed non a.','2019-04-07 23:32:55'),
('85','85','Soluta explicabo nobis sit quisquam facilis consequatur.','1976-01-02 14:38:15'),
('86','86','Laborum et aut ullam inventore quos.','1997-11-15 19:04:31'),
('87','87','Aut eum vel laudantium voluptates.','1981-10-19 20:14:48'),
('88','88','Quo mollitia exercitationem velit voluptate sunt exercitationem aperiam sunt.','1984-03-08 20:06:49'),
('89','89','Fugiat sunt officiis eius tempora at occaecati officia.','1973-11-18 23:58:10'),
('90','90','Dolores quis optio nostrum consequatur delectus quia.','2013-04-14 03:01:55'),
('91','91','Rerum tempora occaecati earum error dolores tempore dolore.','2019-10-23 06:48:43'),
('92','92','Sunt ab eum ea assumenda consequuntur aut omnis.','1993-10-26 11:55:40'),
('93','93','Dolorum laudantium sit ea quis id voluptatum.','1997-12-30 18:51:40'),
('94','94','Asperiores quae expedita fugit eligendi eum.','2013-09-23 18:43:24'),
('95','95','Soluta recusandae aliquid officia placeat.','2010-12-26 22:47:44'),
('96','96','Vitae et odit quia velit accusantium.','1995-04-19 11:15:37'),
('97','97','Enim aut velit eaque rem incidunt sit.','2007-05-16 15:03:27'),
('98','98','Dicta unde esse tenetur hic necessitatibus.','2003-11-21 15:50:27'),
('99','99','Natus adipisci quis occaecati deserunt minima quo.','2010-08-03 11:04:01'),
('100','100','Earum voluptatum dolores sint voluptatem dignissimos.','2019-01-18 13:35:29'),
('101','1','Eos labore labore est vel maxime mollitia magnam.','1975-12-04 12:04:04'),
('102','2','Ipsum facilis quibusdam dolorem qui impedit.','2008-08-03 02:27:58'),
('103','3','Reiciendis aut facere alias ut nam dolores.','2013-10-30 07:14:28'),
('104','4','Aut architecto qui odio quis ut recusandae.','1988-01-16 16:59:41'),
('105','5','Dicta consequatur error necessitatibus sit possimus culpa ut.','1984-09-05 16:32:51'),
('106','6','Dolor fuga qui sequi doloremque dolorem ullam fugiat est.','1984-08-14 04:52:29'),
('107','7','Sit et rem atque illo.','1977-10-31 10:29:19'),
('108','8','Autem omnis dolorem unde esse.','1984-08-31 17:39:29'),
('109','9','Illum dolorem ipsum distinctio aliquam expedita velit.','1979-01-01 16:05:11'),
('110','10','Occaecati minima et ea cumque natus.','2000-09-02 20:07:54'),
('111','11','Qui qui quaerat quibusdam aut ut ad quia aut.','2012-12-07 11:23:25'),
('112','12','Sed et dolore amet hic quia sint.','2008-04-01 03:36:19'),
('113','13','Doloremque eligendi asperiores incidunt expedita modi deserunt magnam.','1986-09-16 13:52:31'),
('114','14','Voluptatem totam temporibus voluptatem expedita.','1991-03-19 18:12:24'),
('115','15','Delectus atque amet ab facere doloremque reprehenderit.','2017-06-12 04:30:45'),
('116','16','Odio doloremque possimus ducimus et in enim.','1980-01-10 14:52:47'),
('117','17','Aut pariatur omnis ut numquam.','2000-05-11 19:31:07'),
('118','18','Laboriosam dolor et vitae cumque ut cupiditate eligendi.','1998-03-07 18:06:53'),
('119','19','Non dolores aut culpa quam tempore quae nemo aliquid.','2017-07-09 03:04:38'),
('120','20','Similique mollitia aut velit natus cum.','1992-08-18 13:23:09'),
('121','21','Distinctio delectus accusantium porro ut.','1983-11-19 06:42:18'),
('122','22','Autem doloribus molestias placeat architecto.','2001-02-02 03:22:02'),
('123','23','Aliquam cupiditate delectus dolorem qui.','2003-02-27 04:28:49'),
('124','24','Et ut magnam asperiores reprehenderit.','1986-12-29 08:04:14'),
('125','25','Accusamus esse in nostrum et.','2006-01-07 01:55:32'),
('126','26','Doloremque nemo labore culpa delectus.','2004-07-06 16:48:33'),
('127','27','Enim nisi aspernatur ullam saepe.','2002-04-06 06:33:49'),
('128','28','Ipsa aut aut rerum dolorem est esse.','1998-07-24 12:33:32'),
('129','29','Voluptates distinctio qui sapiente dolor.','1991-10-14 05:18:29'),
('130','30','Sed minus ipsum qui sed.','2009-09-13 01:44:13'),
('131','31','Sunt vitae animi soluta illo aspernatur beatae.','1995-12-07 09:12:50'),
('132','32','Eum molestias sunt molestiae atque molestias.','2006-10-28 00:25:23'),
('133','33','Est laboriosam id voluptate voluptatem neque soluta.','1973-10-04 07:36:28'),
('134','34','Cum est qui et nostrum laudantium nulla culpa.','2014-03-07 12:12:13'),
('135','35','Aut ut sint qui sint maxime et possimus distinctio.','2006-05-31 01:32:07'),
('136','36','Ratione dolorem nostrum molestiae incidunt.','1984-09-08 04:23:29'),
('137','37','Vel velit est sint ipsum quis totam.','1996-02-25 15:31:16'),
('138','38','Illo rerum ut quia repudiandae labore voluptatem.','1999-04-15 15:03:51'),
('139','39','Placeat ratione et excepturi ipsa enim et.','1973-01-28 16:54:51'),
('140','40','Voluptates consectetur porro eaque enim unde.','1980-10-07 18:10:26'),
('141','41','Ipsam molestiae ipsum consequuntur.','1986-10-19 16:07:46'),
('142','42','Dolores velit ut aut odit explicabo assumenda ut.','1970-10-07 10:09:22'),
('143','43','Numquam ab ut eum nihil error minima.','1989-11-15 11:50:58'),
('144','44','Est nisi eos fuga quos dolor.','1974-09-01 03:06:38'),
('145','45','Totam est molestiae sit cumque tempora molestiae.','1982-12-05 18:34:47'),
('146','46','Itaque ut tenetur molestiae quasi natus molestiae quasi.','1975-10-21 22:33:14'),
('147','47','Possimus sed veniam labore necessitatibus quod esse totam.','2016-04-02 05:57:14'),
('148','48','Fuga dignissimos voluptatibus eveniet laboriosam alias.','1974-08-03 08:57:26'),
('149','49','Eos dolore sit quaerat repudiandae voluptas quo error.','2000-05-29 19:58:56'),
('150','50','Sunt et sunt id enim.','2013-12-30 18:23:22'),
('151','51','Ea autem dolorum aliquid in iure.','2005-08-24 20:53:27'),
('152','52','Magnam illo dolorem molestiae alias odit quis est vero.','1984-03-08 11:25:00'),
('153','53','Quas totam rerum occaecati.','2002-01-13 15:01:58'),
('154','54','Quia magnam et amet cupiditate.','1999-11-21 15:57:33'),
('155','55','Cumque excepturi sed est nihil odio odio.','2011-09-28 09:55:47'),
('156','56','Reiciendis necessitatibus dicta veniam corporis.','2001-04-24 18:02:55'),
('157','57','Earum voluptatem cumque est blanditiis.','1974-02-02 17:59:27'),
('158','58','Cumque ab odio error.','2016-01-07 10:46:05'),
('159','59','Praesentium natus consequatur occaecati minima expedita non maxime.','2012-06-04 08:03:57'),
('160','60','Repudiandae voluptates sit quisquam nobis vitae impedit.','2012-08-06 00:40:17'),
('161','61','A saepe ea qui magnam deleniti nisi.','2004-04-15 15:58:04'),
('162','62','Quia quo dolores omnis aperiam dolor.','2016-08-02 15:16:27'),
('163','63','Facilis quo incidunt quia optio illo quia ullam.','1975-06-20 03:46:50'),
('164','64','Aut dolore illo molestiae quae.','1971-10-27 04:06:14'),
('165','65','Culpa consequatur ex omnis aut.','1988-01-03 04:26:00'),
('166','66','Sed est ducimus doloremque culpa quo maxime totam.','2004-05-02 12:01:46'),
('167','67','Eveniet recusandae dolorem explicabo nobis quaerat dolorum qui doloribus.','1972-03-26 04:58:43'),
('168','68','Ut animi sed rerum eveniet dolore.','2004-08-16 15:38:36'),
('169','69','Dicta nulla eum ut amet aut quis qui.','1989-07-03 04:14:53'),
('170','70','Quod praesentium nemo veritatis tenetur.','1990-06-14 11:34:54'),
('171','71','Laboriosam voluptatem dolores sequi.','2015-12-18 02:26:49'),
('172','72','Hic ea odit aliquam provident.','2000-08-18 07:40:06'),
('173','73','Aut quae dolore aspernatur adipisci sint voluptatem nostrum officiis.','2018-05-23 00:35:22'),
('174','74','Possimus ducimus aut illum aut possimus perspiciatis.','1972-02-23 03:23:20'),
('175','75','Dolor aut est totam nemo quidem in.','1981-05-24 23:20:14'),
('176','76','Quo aliquam hic a sit placeat dolor ad.','1986-09-21 05:54:12'),
('177','77','Labore non in quia saepe est.','1970-08-06 16:13:52'),
('178','78','Laborum minus ut temporibus laboriosam est.','2013-08-15 11:39:44'),
('179','79','Ullam sequi nemo velit nulla.','1992-04-12 20:33:15'),
('180','80','Aut consequatur consequuntur at ut ad sequi omnis.','1989-07-31 06:22:49'),
('181','81','Tenetur placeat omnis mollitia velit explicabo est.','1998-05-20 17:59:29'),
('182','82','Tenetur qui dolores voluptas asperiores ipsa totam dolorem.','1978-06-24 03:59:05'),
('183','83','Quis vel quis repudiandae placeat.','1978-09-27 16:47:13'),
('184','84','Aperiam ut quibusdam vel accusamus sunt officia expedita.','1998-03-11 11:53:07'),
('185','85','Beatae quia non velit atque laborum.','1979-01-08 15:03:39'),
('186','86','Iusto quia repellat eos.','2018-09-12 03:36:43'),
('187','87','Ex voluptatem iure dolor quia rerum molestiae.','1970-04-08 23:44:13'),
('188','88','Id dignissimos voluptatem ut dolorem amet dolor ullam.','1991-02-07 16:30:34'),
('189','89','Et minima nisi ut voluptas quo sunt voluptatem.','1981-04-10 17:07:12'),
('190','90','Aut et eveniet commodi impedit.','2019-02-27 13:56:37'),
('191','91','Eum amet dicta nihil unde aut fugit dolorum.','2014-06-24 16:48:32'),
('192','92','Necessitatibus laudantium dignissimos ab voluptatibus occaecati.','1986-03-09 15:31:06'),
('193','93','Ut esse mollitia perferendis illum.','1990-09-10 06:07:43'),
('194','94','Non velit corrupti distinctio distinctio tenetur officiis vitae.','1988-09-03 07:15:23'),
('195','95','Minima repellat non est.','1972-04-04 09:11:42'),
('196','96','Tempora optio repudiandae est perspiciatis.','1979-09-20 23:18:50'),
('197','97','Quo nostrum aut tempore tenetur quaerat.','1994-02-23 01:55:39'),
('198','98','Voluptates consequatur numquam necessitatibus qui repellat.','2001-03-13 05:14:27'),
('199','99','Ducimus explicabo non non quis vel ut.','1988-04-14 00:27:29'),
('200','100','Ipsa temporibus corrupti numquam ut.','2009-11-25 02:13:52'),
('201','1','Aut inventore vel ratione.','2018-02-09 04:36:09'),
('202','2','Dolore voluptatem eaque ipsum rerum sint eaque corrupti ratione.','1977-03-05 04:33:05'),
('203','3','Aperiam aperiam qui vero praesentium molestias voluptatem perferendis.','1994-12-07 07:56:50'),
('204','4','Saepe vel consequuntur repellendus repudiandae molestiae quia pariatur.','2004-08-09 10:02:43'),
('205','5','Mollitia vitae qui quas in dolor ut.','1996-02-22 02:57:56'),
('206','6','Laboriosam magnam repudiandae non repudiandae fuga laborum.','1976-03-18 09:54:47'),
('207','7','Ea aperiam id tempora.','2003-08-05 18:37:01'),
('208','8','Vero ipsam incidunt et quasi maxime.','1988-08-20 19:21:40'),
('209','9','Dolor placeat est minima et consequatur.','1999-06-12 18:41:00'),
('210','10','Ut repellendus neque repudiandae voluptatem recusandae deserunt.','1994-08-19 04:47:06'),
('211','11','Ex voluptas est minima atque.','1988-05-27 16:18:41'),
('212','12','Quaerat quas nulla aut commodi et.','1992-03-16 23:34:23'),
('213','13','Ullam quia pariatur maiores nesciunt.','2010-11-28 09:19:55'),
('214','14','Voluptate aut quibusdam rem possimus.','2005-03-11 23:52:10'),
('215','15','Non debitis eos et autem.','1976-04-12 14:31:08'),
('216','16','Maxime non eos molestiae expedita.','2006-04-24 00:40:23'),
('217','17','Nostrum asperiores aut officiis aut nihil est et.','1987-11-20 18:44:51'),
('218','18','Nihil enim voluptatem distinctio quisquam ut commodi.','1993-10-14 01:46:47'),
('219','19','Iure quaerat qui et nesciunt cum aut.','1970-10-09 11:51:55'),
('220','20','Optio quos est sint sunt quo ullam.','2013-10-02 07:24:01'),
('221','21','Distinctio nisi fuga animi dignissimos quia in.','1994-01-12 00:37:22'),
('222','22','Quos ullam corrupti soluta totam totam omnis.','1993-12-04 23:11:44'),
('223','23','Quisquam ratione dolorum quia et et necessitatibus quisquam.','1973-02-18 05:04:28'),
('224','24','Modi officiis excepturi minima sapiente ducimus magni.','1977-02-17 07:48:11'),
('225','25','Optio id excepturi omnis.','1988-06-26 11:06:46'),
('226','26','Totam quibusdam sed est omnis nisi quo voluptas.','2006-07-29 00:07:39'),
('227','27','Eligendi laudantium debitis dolor rerum.','1974-07-20 14:22:43'),
('228','28','Molestias ut asperiores odit blanditiis quod dicta sed dolore.','1972-10-22 10:27:24'),
('229','29','Corporis magni ut ea alias qui nesciunt.','1985-03-30 11:03:02'),
('230','30','Quasi tempora aliquam quaerat sed rerum.','1980-09-28 00:19:03'),
('231','31','Et non eum cum at sint saepe dolore.','2013-07-15 10:20:13'),
('232','32','Dolor adipisci adipisci cumque voluptatem sed perspiciatis rerum atque.','2004-07-04 21:16:35'),
('233','33','Magnam et dolorum exercitationem.','2018-08-12 11:03:53'),
('234','34','Aperiam tempora qui occaecati dignissimos non quia non.','2003-09-25 01:43:59'),
('235','35','Sint architecto aliquid tenetur error a distinctio.','2008-06-28 01:34:23'),
('236','36','Et distinctio officiis amet hic.','2014-05-20 16:08:30'),
('237','37','Doloribus omnis ut sint modi.','1976-04-20 04:18:54'),
('238','38','Aut et tempora voluptatem repellat facere quis corporis.','1992-07-17 15:19:55'),
('239','39','Laboriosam aut enim labore fugiat nobis occaecati.','1972-10-27 12:38:39'),
('240','40','Et dolorem aspernatur ducimus consectetur ut.','2018-07-20 10:34:55'),
('241','41','Voluptas aut id dolore quae commodi laudantium.','2019-05-09 12:25:38'),
('242','42','Ipsa hic molestiae laboriosam est.','1987-09-21 03:05:29'),
('243','43','Et saepe aut non neque tempore itaque cum.','1979-02-28 10:31:54'),
('244','44','Voluptas voluptates voluptatem laborum sit.','1973-10-10 00:42:20'),
('245','45','Et ipsam sed id iure dolorem qui quia.','1977-09-08 10:18:25'),
('246','46','Enim quasi impedit ullam voluptas libero.','1973-01-30 04:03:31'),
('247','47','Quis dolore et id tempora temporibus occaecati animi.','2003-01-08 06:17:01'),
('248','48','Aut consequatur aut occaecati porro voluptas veniam.','1975-08-03 13:52:53'),
('249','49','Hic incidunt voluptas nihil quos.','2015-01-13 19:04:04'),
('250','50','Tempora quaerat assumenda ipsum dolorem excepturi omnis.','2019-09-26 00:08:14'),
('251','51','Tempora est dolores est natus inventore.','1972-11-27 09:06:58'),
('252','52','Vel aspernatur molestiae explicabo perspiciatis quis explicabo.','1977-04-14 23:09:13'),
('253','53','Dolores aut aut dolorem voluptatum cupiditate.','1970-11-18 21:14:44'),
('254','54','Et voluptatem tempora non laborum cupiditate dolorem tempore.','2007-05-22 17:18:03'),
('255','55','Rerum dicta id praesentium sunt consequatur.','1979-05-25 06:36:44'),
('256','56','Illo dolorem facilis aliquid neque odio doloribus.','2001-10-03 01:03:03'),
('257','57','Aut saepe quis dolores ratione.','2004-08-31 17:20:45'),
('258','58','Voluptatem commodi ipsam voluptatem expedita ut et mollitia.','1992-08-31 23:10:02'),
('259','59','Iusto aliquam cupiditate assumenda praesentium illo voluptatem unde assumenda.','1994-07-13 22:45:57'),
('260','60','Soluta assumenda enim quos voluptate molestiae dolorum.','1986-01-23 05:03:38'),
('261','61','Quae qui nulla praesentium deleniti sit facere nostrum.','2002-07-31 17:36:44'),
('262','62','Repudiandae commodi aut consequatur corporis officia.','1980-04-12 19:12:09'),
('263','63','Quia doloremque labore ipsa maiores ut.','1973-04-18 19:44:44'),
('264','64','Ullam velit quidem quo consequatur et eligendi vero.','1981-05-22 11:31:44'),
('265','65','Et velit odio consectetur natus voluptas facilis.','1993-02-28 23:28:53'),
('266','66','Nisi veritatis dolores ipsa ut magni molestiae qui quisquam.','1974-04-14 20:17:26'),
('267','67','Aperiam distinctio modi explicabo aut tempora labore.','1973-06-28 23:25:23'),
('268','68','In nobis sunt ipsum dolore possimus ut.','2016-05-19 20:44:55'),
('269','69','Odit iusto sint culpa saepe.','1993-05-06 04:18:37'),
('270','70','Sit doloribus non autem quo mollitia quasi voluptatem.','1992-10-23 22:06:44'),
('271','71','Perspiciatis facilis sit cumque aut nobis aut expedita.','1977-09-08 18:58:45'),
('272','72','Aut debitis voluptatem nostrum accusamus pariatur.','2010-12-15 07:52:16'),
('273','73','Aliquam dolore aliquid aliquam at dolores dicta voluptatem.','2000-04-13 08:27:34'),
('274','74','Iste ut adipisci commodi quisquam qui voluptatibus ut.','1986-12-15 06:37:20'),
('275','75','Maiores quis id magnam a vero.','2011-06-18 13:45:16'),
('276','76','Et enim sit eos in sit nisi architecto mollitia.','1994-05-09 03:28:24'),
('277','77','Velit id et vel aut doloremque consequatur.','2002-06-26 02:56:06'),
('278','78','Dolores amet ullam esse cupiditate facere.','2019-09-25 00:13:18'),
('279','79','At maiores consequuntur perferendis tempora voluptatem voluptatem occaecati.','1970-02-22 02:17:20'),
('280','80','Hic eos inventore fugiat voluptatem.','2009-08-11 22:22:00'),
('281','81','Cum suscipit labore nobis animi eligendi quo.','1997-06-13 21:42:10'),
('282','82','Enim laboriosam qui quo in.','2013-02-18 08:48:57'),
('283','83','Quo praesentium eos sed quia sunt non.','1993-12-22 13:57:48'),
('284','84','Reiciendis aut consequuntur neque nam eum quos delectus.','1971-02-21 07:47:20'),
('285','85','Velit ut ipsum sint.','2000-08-13 07:45:43'),
('286','86','Ratione et perspiciatis temporibus rerum enim vero quod.','1978-11-15 18:40:05'),
('287','87','Nostrum necessitatibus voluptatem sapiente dolor.','1974-05-07 09:05:12'),
('288','88','Tenetur non sed magni deserunt quo qui.','1979-02-21 01:46:07'),
('289','89','Veniam dolorem exercitationem quos provident sit officia.','1979-11-14 03:13:56'),
('290','90','Ipsa ut qui commodi fugiat possimus voluptatum non molestiae.','1988-06-17 13:43:34'),
('291','91','Aut necessitatibus rem est qui.','2014-05-26 19:25:46'),
('292','92','Tempore et inventore repellendus rerum deserunt dolores.','2011-09-26 00:21:27'),
('293','93','Repudiandae odit accusantium in dolorem illum nisi ratione.','2006-12-20 22:00:52'),
('294','94','Excepturi officia necessitatibus repellat delectus dolor commodi nihil.','1991-01-14 19:16:03'),
('295','95','Incidunt similique consequatur odio autem adipisci.','1990-06-18 09:44:38'),
('296','96','Quasi veniam voluptatem animi.','1984-09-24 12:00:02'),
('297','97','Sit asperiores tempore officiis occaecati eaque.','1984-03-08 21:46:03'),
('298','98','Amet nihil laborum temporibus asperiores occaecati recusandae magni assumenda.','2012-12-16 15:33:58'),
('299','99','Aliquid veritatis est inventore dolorem sunt non.','1995-01-14 12:36:39'),
('300','100','Laudantium sequi quia molestiae corporis harum blanditiis laboriosam.','1980-07-15 14:16:33'),
('301','1','Culpa et nesciunt quam excepturi sapiente laborum.','1992-03-06 08:58:51'),
('302','2','Omnis porro non quas facilis.','2009-01-27 18:03:12'),
('303','3','Libero dignissimos et et occaecati praesentium iste corporis.','1985-04-19 19:58:11'),
('304','4','Exercitationem tempora amet aut accusamus dicta rerum enim nisi.','2011-11-13 06:17:16'),
('305','5','Voluptas molestiae molestias aspernatur voluptatem quia.','2011-08-09 07:55:01'),
('306','6','Dolorem delectus quia vel in.','2003-08-07 06:07:12'),
('307','7','Et odit aspernatur blanditiis dolorem omnis et.','1980-01-03 12:41:50'),
('308','8','Cum repellat officia et ratione omnis cum voluptatem.','2012-03-09 01:08:44'),
('309','9','Impedit sunt deserunt nihil repellat.','1974-08-27 08:43:42'),
('310','10','Sint recusandae consequatur consectetur fugit omnis id quos.','1993-02-08 04:38:16'),
('311','11','Tempore nobis iusto unde.','1989-10-17 02:03:59'),
('312','12','Laudantium dolorem et enim rem delectus magni.','1975-01-02 15:11:35'),
('313','13','Nam alias et ab ipsum.','1978-05-09 20:49:27'),
('314','14','Suscipit est nihil eius quidem rerum.','2000-08-13 00:11:17'),
('315','15','Voluptatem consequatur iusto voluptatem nisi occaecati cupiditate et quia.','1991-04-22 04:02:02'),
('316','16','Quidem tenetur voluptatum veniam sequi sunt.','1989-04-29 01:48:04'),
('317','17','Maxime occaecati quibusdam quibusdam aut sapiente saepe architecto.','1972-10-23 09:15:25'),
('318','18','Facere reprehenderit aperiam laudantium molestiae.','1984-04-27 01:12:25'),
('319','19','Omnis fugit tempore natus impedit ipsa repellendus ut ipsam.','1995-04-14 04:52:56'),
('320','20','Aut sequi ut non harum quia omnis.','1980-12-03 01:20:43'),
('321','21','Iusto sint dolor qui perspiciatis.','1974-12-12 20:44:07'),
('322','22','Molestiae ea minima nihil nulla.','2000-03-02 08:34:45'),
('323','23','Qui est minus est.','1995-09-10 07:41:25'),
('324','24','Ipsum similique voluptatem sunt ut praesentium aut.','1972-09-03 15:21:33'),
('325','25','Est qui sequi delectus commodi sit et.','1975-08-07 13:18:04'),
('326','26','Qui maiores perspiciatis consectetur excepturi.','1985-07-25 02:26:10'),
('327','27','Adipisci aut voluptatem voluptatem sit velit.','1995-06-11 01:32:22'),
('328','28','Dolores id dolorem ut sit aspernatur sed voluptatem.','1971-12-26 13:32:11'),
('329','29','Consectetur voluptatibus perferendis id harum eveniet animi.','2009-11-16 15:25:02'),
('330','30','Unde accusantium voluptates sit consequatur dolore eum architecto.','1984-01-08 02:08:44'),
('331','31','Velit eius qui placeat dolores suscipit et.','1974-09-14 15:30:07'),
('332','32','Minus officia quas veniam blanditiis.','1979-06-12 05:30:08'),
('333','33','In libero aperiam in quo et consequuntur ex iusto.','1993-05-08 03:19:17'),
('334','34','Beatae at iste unde.','1987-06-28 18:49:13'),
('335','35','Eligendi quos ut aperiam reiciendis.','2000-09-15 12:17:54'),
('336','36','Sapiente odio quibusdam provident aperiam eum at.','1990-01-09 11:30:28'),
('337','37','Et qui eos eos et non.','1983-07-19 13:24:32'),
('338','38','Assumenda voluptatem autem minima repudiandae.','1989-04-16 02:12:02'),
('339','39','Maxime ut amet modi ex ut vel nihil.','1982-11-16 18:00:06'),
('340','40','Incidunt non quos est nisi.','1978-10-28 22:18:26'),
('341','41','Molestiae eum sunt nihil.','2000-06-05 10:38:26'),
('342','42','Nemo minima eveniet ea reprehenderit esse laborum nihil.','2013-10-15 14:45:34'),
('343','43','Pariatur voluptas delectus tenetur quisquam rerum consequatur.','1993-11-16 13:29:17'),
('344','44','Ullam porro et quis ut nobis sint.','2010-10-12 01:28:26'),
('345','45','Alias eligendi animi nesciunt molestiae praesentium et tenetur quidem.','1997-01-15 20:09:03'),
('346','46','Nemo porro voluptatem exercitationem laudantium voluptatem ea.','1988-05-20 08:52:37'),
('347','47','Doloremque aspernatur repellat eum inventore praesentium et amet.','1988-01-17 01:33:30'),
('348','48','Maxime corrupti et voluptas reiciendis.','2012-11-19 14:45:15'),
('349','49','Dolores est natus rerum consequatur.','1982-12-24 13:21:00'),
('350','50','Vel asperiores dolorem beatae id magnam.','1979-11-11 07:48:16'),
('351','51','Est aut dolorem ut.','1997-02-03 20:14:54'),
('352','52','Et autem autem in fugiat eius.','1971-03-30 22:25:02'),
('353','53','A quos in quibusdam sequi perspiciatis numquam quos.','2019-09-01 22:31:24'),
('354','54','Debitis natus molestias exercitationem dicta velit minima reiciendis.','2006-10-04 09:11:47'),
('355','55','Fugit eos tenetur fugit libero consectetur nemo.','1970-07-10 10:23:46'),
('356','56','Accusantium cupiditate sint corporis explicabo.','1970-05-18 15:20:21'),
('357','57','Et voluptas eaque vel distinctio tenetur sit.','1990-10-06 12:51:20'),
('358','58','Amet neque velit non molestias voluptatem perspiciatis ut.','1989-12-30 04:18:13'),
('359','59','Nobis illo et consequuntur odit aut.','2019-01-25 12:31:08'),
('360','60','Aut facere ad quia et voluptatem esse quae.','2008-01-10 18:47:39'),
('361','61','Officia quasi sint enim nesciunt est et.','2012-12-13 06:54:43'),
('362','62','Sequi mollitia eveniet numquam sunt.','2013-05-05 16:02:32'),
('363','63','Cum corrupti adipisci qui rerum minus.','1970-12-28 12:08:27'),
('364','64','Ratione doloremque ex numquam optio rerum omnis.','1995-08-13 12:10:14'),
('365','65','Laboriosam dolore voluptatem et explicabo magnam.','1978-05-12 06:06:08'),
('366','66','Facere deserunt sit soluta quia culpa.','2017-08-20 17:55:18'),
('367','67','Quis accusantium eaque non molestiae qui aut ut.','1999-12-23 03:13:45'),
('368','68','Et molestias cumque aspernatur ab nemo.','1984-03-08 16:06:55'),
('369','69','Quam blanditiis labore atque ut.','1997-07-20 12:29:28'),
('370','70','Nam sed et hic est.','1981-10-29 02:23:53'),
('371','71','Commodi doloribus cumque ratione rerum.','1973-03-12 21:32:39'),
('372','72','Assumenda iusto reprehenderit pariatur ullam distinctio delectus facere.','1973-12-22 19:46:34'),
('373','73','Porro unde aut est fuga quia sint.','1994-03-26 12:42:34'),
('374','74','Occaecati ab dolores ab aliquid.','2018-01-14 11:43:40'),
('375','75','Esse sunt velit aliquam error.','2017-02-27 13:12:51'),
('376','76','Dolor placeat accusamus sequi praesentium asperiores eos.','2010-08-18 07:06:17'),
('377','77','Et officia dolores aut sed officiis illum.','2017-03-22 17:44:12'),
('378','78','Libero qui voluptatibus quo.','1980-04-02 04:44:14'),
('379','79','Aliquam sed error molestiae earum quia sequi reprehenderit.','2007-10-25 21:51:30'),
('380','80','Dignissimos blanditiis vel iste.','1977-01-06 23:59:15'),
('381','81','Ipsa consequatur qui et quia maxime.','2006-09-19 18:05:34'),
('382','82','Sed odio quod rerum quia facilis vel rerum.','1996-07-20 12:10:31'),
('383','83','Vel maxime ullam ea recusandae.','1978-02-11 17:33:12'),
('384','84','Ipsum provident corporis autem consectetur quo nisi.','1985-03-24 08:48:19'),
('385','85','Aut molestiae ut optio laborum.','1998-11-01 01:23:54'),
('386','86','Et praesentium officia dicta in ut qui quis illum.','1971-05-07 04:44:45'),
('387','87','Qui aut quia nobis illum incidunt sed sed rerum.','2000-07-07 11:23:10'),
('388','88','Minima ex et qui perspiciatis aperiam.','1973-12-14 07:18:49'),
('389','89','Nostrum voluptatum accusantium error quae aut.','1993-05-26 19:22:26'),
('390','90','Enim amet cumque esse eius nemo labore quos quis.','1989-04-13 05:48:08'),
('391','91','Deleniti at aperiam nam rem.','2016-01-11 15:12:02'),
('392','92','Occaecati ea in occaecati eveniet.','2016-02-07 13:55:34'),
('393','93','Dolores expedita expedita nemo qui.','1991-02-03 04:06:22'),
('394','94','Sed id est perspiciatis.','2019-09-02 09:57:31'),
('395','95','Minima quaerat minus eius molestiae quas omnis atque.','2015-03-24 14:15:52'),
('396','96','Magni et reiciendis atque non qui.','2004-03-23 22:20:42'),
('397','97','A dolore excepturi qui temporibus minima assumenda.','2004-04-29 06:24:31'),
('398','98','Sint sed magnam quibusdam iure.','1981-10-22 12:04:52'),
('399','99','Eos natus magni velit eum aut dolor.','2005-12-30 18:57:51'),
('400','100','Ut sit in qui aut.','1977-01-10 12:50:43'),
('401','1','Quo repellendus explicabo rerum aut quidem voluptatem commodi.','1970-03-06 06:36:40'),
('402','2','Fuga delectus rerum aut sapiente.','2012-01-16 07:41:56'),
('403','3','Possimus aut qui ratione necessitatibus necessitatibus cumque ut.','2002-05-10 21:33:31'),
('404','4','Sed in dolore adipisci ipsum itaque odio veniam.','1983-07-04 00:47:56'),
('405','5','Ut dolorem iure sapiente sit.','1985-04-19 02:06:58'),
('406','6','Doloremque at non expedita mollitia nihil voluptas.','1997-03-26 18:50:05'),
('407','7','Quis necessitatibus odio veniam corporis.','1973-08-29 23:28:50'),
('408','8','Minus ea dolore nihil sapiente.','1977-05-10 16:14:02'),
('409','9','Reiciendis excepturi libero deserunt et non.','2005-01-20 17:26:24'),
('410','10','Id necessitatibus porro repellendus rerum ut ea.','1983-11-27 15:30:33'),
('411','11','Impedit ut asperiores nesciunt rem cum commodi inventore.','1977-02-21 15:47:37'),
('412','12','Iste quam eligendi debitis illum nesciunt vel velit sit.','1980-07-26 07:13:10'),
('413','13','Velit nulla delectus neque voluptatem earum officiis optio.','1991-03-02 06:23:41'),
('414','14','Voluptatibus quidem consequatur deserunt inventore at nihil.','1981-10-30 03:59:56'),
('415','15','Magni est maxime sint et.','1991-06-08 22:00:07'),
('416','16','Eos cumque iste explicabo aut qui.','2002-09-07 00:14:37'),
('417','17','Et dolore rerum quia.','2007-08-13 11:55:57'),
('418','18','Ea voluptatem vitae quidem atque inventore dolorem cupiditate.','2001-06-08 05:50:59'),
('419','19','Blanditiis excepturi rerum eos nulla enim.','2004-08-21 18:03:44'),
('420','20','Quia molestiae laborum molestiae.','1993-08-08 11:19:03'),
('421','21','Ipsa asperiores ipsam debitis perspiciatis qui.','1976-07-16 05:38:35'),
('422','22','Ipsum suscipit suscipit aut ipsam enim dolores ex.','2005-03-24 08:46:33'),
('423','23','Culpa iure qui ducimus voluptatibus commodi error non vel.','1994-01-05 12:50:44'),
('424','24','Exercitationem asperiores molestiae dolores quod ipsum eos.','1979-12-11 09:08:00'),
('425','25','Excepturi eum occaecati ratione quis recusandae.','1980-03-07 21:54:55'),
('426','26','Fugit velit eius amet nostrum distinctio.','2007-12-19 12:30:35'),
('427','27','Laborum ut aut error voluptatibus.','2004-07-05 11:10:46'),
('428','28','Eum voluptatem dolorum quia autem.','2006-12-06 08:32:30'),
('429','29','Sed sed mollitia et.','1975-03-12 13:16:06'),
('430','30','Ut libero eaque nemo excepturi distinctio.','1982-03-03 08:11:51'),
('431','31','Sed sint soluta sit molestias.','1978-09-08 20:09:06'),
('432','32','Iusto architecto dolorem est voluptatem dolor fugiat cumque.','1971-11-09 17:40:31'),
('433','33','Et voluptas omnis qui illum omnis est inventore.','1985-10-11 22:21:47'),
('434','34','Vero dicta a ut quos dicta.','1973-09-20 12:52:32'),
('435','35','Eos eius maxime nihil corporis assumenda aspernatur consequatur.','2019-06-24 19:35:35'),
('436','36','Qui ipsam quaerat qui et velit.','2013-05-30 09:43:30'),
('437','37','Doloribus consectetur magni aut ut eius reiciendis possimus.','2005-03-01 06:16:16'),
('438','38','Doloribus delectus facilis voluptas expedita provident corporis.','1970-02-11 07:51:23'),
('439','39','Occaecati dolor sequi illum sed.','2018-01-21 15:31:12'),
('440','40','Omnis porro omnis blanditiis voluptatum.','1994-12-08 04:58:07'),
('441','41','Eius minima architecto ratione quasi.','2007-01-20 15:30:29'),
('442','42','Sunt sit et unde expedita sit.','2015-11-10 23:00:41'),
('443','43','Vero dolorem velit eveniet temporibus reprehenderit.','2004-07-12 08:51:40'),
('444','44','Perspiciatis sit velit quos rerum ipsa.','1973-10-17 02:50:24'),
('445','45','Dolorem non consequatur vel autem molestiae nam quo.','1972-07-30 18:17:49'),
('446','46','Et ut consequatur vel sed doloribus consequatur quisquam et.','1979-04-10 13:36:15'),
('447','47','Est facilis distinctio consequuntur qui consequatur et quaerat.','2019-07-20 01:15:37'),
('448','48','Vitae voluptatem tenetur dolorum ut dignissimos consequatur maxime.','1997-08-20 10:36:50'),
('449','49','Voluptatem iusto molestiae qui quidem officia incidunt.','1985-12-22 19:05:40'),
('450','50','Harum asperiores sed ea autem.','2009-10-28 23:10:55'),
('451','51','Natus explicabo id sit.','2005-10-18 07:35:56'),
('452','52','Aspernatur accusantium ad ipsum necessitatibus alias eum.','1975-01-02 09:01:25'),
('453','53','Veniam possimus velit vero aperiam aut officia porro.','2007-01-19 19:03:16'),
('454','54','Exercitationem facilis et et.','1992-03-18 19:24:35'),
('455','55','Et et non rerum sit in aspernatur.','2000-01-23 17:47:47'),
('456','56','Nemo dolore ipsum error.','1996-10-26 18:48:45'),
('457','57','Corporis eum neque sed id earum ipsum.','2011-10-30 04:22:54'),
('458','58','Occaecati ut rerum qui rerum corporis et.','1980-01-29 03:31:21'),
('459','59','Et labore corporis incidunt sed dolores.','1990-11-11 10:35:56'),
('460','60','Dolore est odit qui quis iste minus dolore ut.','2009-03-26 23:40:49'),
('461','61','Laudantium non assumenda enim iure eum.','2007-06-26 06:12:09'),
('462','62','Aspernatur totam neque hic ea.','1985-02-15 06:15:19'),
('463','63','Blanditiis ad et adipisci et.','2003-08-01 02:03:04'),
('464','64','Iusto id nihil eligendi aliquid quas officia officiis.','2010-02-18 01:00:38'),
('465','65','Totam laudantium tempore quam ullam sequi vero.','2016-12-31 04:27:52'),
('466','66','Ipsum natus est autem.','1986-09-14 05:02:52'),
('467','67','Facere animi voluptatem itaque quis nulla autem veniam qui.','1983-01-23 05:52:41'),
('468','68','Cumque sunt et dolorem voluptatum iure nisi.','1977-04-29 14:55:56'),
('469','69','Occaecati perferendis earum consectetur enim voluptatum.','1986-06-17 12:27:13'),
('470','70','Ut facere perspiciatis sequi et.','1989-12-12 14:48:24'),
('471','71','Ullam sint aut ullam ut omnis.','1996-02-04 13:56:08'),
('472','72','Veritatis quo quam sapiente vel et ea.','1970-08-08 12:56:52'),
('473','73','Architecto nemo consequatur sunt et minus esse.','1989-09-21 06:17:01'),
('474','74','Sit nihil non magnam et.','2011-11-11 23:44:45'),
('475','75','Necessitatibus recusandae autem magnam hic aliquid saepe sit.','2018-12-10 09:10:36'),
('476','76','Facere facere quo nulla.','2017-06-10 11:45:32'),
('477','77','Sit dolore dicta fuga veritatis perferendis impedit quasi excepturi.','2014-10-18 18:31:55'),
('478','78','Quia maiores fugiat temporibus tempora enim provident non.','1993-05-21 03:10:49'),
('479','79','Autem magni atque facere in aut magnam rerum.','2002-01-27 10:40:22'),
('480','80','A enim ea aut et delectus ea omnis.','1988-03-08 09:08:26'),
('481','81','Eligendi nemo voluptatem mollitia repellat.','1989-05-07 03:49:09'),
('482','82','Ut eligendi sequi eligendi provident qui et at.','1998-01-24 03:30:34'),
('483','83','Et ducimus illo quisquam nam eligendi autem.','2016-05-08 01:17:01'),
('484','84','Quaerat quaerat nihil a quo.','2012-11-19 06:39:56'),
('485','85','Et delectus qui voluptas illo neque.','1988-04-26 22:58:22'),
('486','86','Voluptatem omnis qui eos facere et saepe est.','2011-03-18 15:45:47'),
('487','87','Veniam et delectus ipsam.','1979-02-05 08:27:59'),
('488','88','Aut minus quod quo at molestias non.','1982-01-03 06:12:53'),
('489','89','Quibusdam omnis ratione dicta quibusdam explicabo reprehenderit reiciendis.','1983-01-15 13:30:58'),
('490','90','Omnis perspiciatis asperiores accusantium modi.','2009-06-12 08:05:51'),
('491','91','Molestiae molestiae nostrum qui qui in eos qui blanditiis.','2008-04-19 22:34:33'),
('492','92','Id quidem nesciunt nostrum nam.','2019-04-17 10:14:10'),
('493','93','Ipsa dicta enim quod qui ullam at ut quia.','1980-10-05 20:05:45'),
('494','94','Ut pariatur molestiae quos voluptate non.','2002-06-21 06:50:13'),
('495','95','Sint laborum quo numquam nisi delectus.','2003-05-07 22:24:45'),
('496','96','Corrupti est eos ipsam.','1997-07-14 17:48:25'),
('497','97','Nobis a et aliquam enim.','1997-10-20 10:16:00'),
('498','98','Adipisci rerum nihil veniam et magni cumque.','1998-08-30 16:28:48'),
('499','99','Non odit deleniti distinctio ea est.','1990-02-12 03:22:53'),
('500','100','Aut amet reprehenderit ipsam adipisci velit esse exercitationem.','2016-05-01 10:04:35'),
('501','1','Officiis voluptatibus explicabo unde quo aut dolorem.','1990-09-11 18:34:47'),
('502','2','Vero alias perferendis rem et.','1996-04-04 03:26:31'),
('503','3','Quibusdam rerum tenetur maiores voluptatem ut.','1988-08-14 12:05:47'),
('504','4','Est fugit quaerat ut error dolor et quia.','2009-12-12 02:25:37'),
('505','5','Fugit ex sunt perferendis nobis enim adipisci et eos.','1974-01-29 20:04:50'),
('506','6','Inventore reprehenderit ut laboriosam blanditiis quia.','2003-07-23 17:12:50'),
('507','7','Nihil sunt occaecati fugit.','2013-01-20 14:59:27'),
('508','8','Quod et veniam id consequuntur labore accusantium.','2004-05-04 09:50:02'),
('509','9','Voluptates perspiciatis aut veniam velit et.','2016-06-29 06:33:48'),
('510','10','Fugit eius et natus sed.','2000-12-04 09:28:44'),
('511','11','Nobis asperiores nam quia molestiae autem.','1991-07-05 05:26:49'),
('512','12','Aut quia distinctio aperiam repudiandae quia.','2005-11-07 17:30:01'),
('513','13','Eum voluptas ut quas consequatur eum error voluptate.','1999-01-30 11:28:46'),
('514','14','Blanditiis voluptatem voluptas ipsum ipsam adipisci.','2008-05-20 21:10:31'),
('515','15','Id eius nisi odit esse.','1974-02-20 05:14:03'),
('516','16','Facilis alias nihil animi rerum et.','1976-03-06 01:09:25'),
('517','17','Magnam odio atque eum.','1979-08-28 23:08:58'),
('518','18','Ut modi qui officia tempore.','2003-05-29 22:37:38'),
('519','19','Architecto enim sed laudantium corrupti aut.','2013-11-22 03:55:11'),
('520','20','Quibusdam dolorum quos esse modi magnam necessitatibus vitae.','1970-07-13 15:01:09'),
('521','21','Vel voluptatem quisquam soluta laboriosam quos.','1985-02-07 01:26:46'),
('522','22','Ut neque eum expedita distinctio tempora ullam.','1994-01-17 21:23:29'),
('523','23','Impedit reprehenderit impedit et non facilis.','1971-06-05 14:37:24'),
('524','24','Commodi non similique odit nostrum quia.','2002-08-19 08:31:28'),
('525','25','Vero quas corporis et est nihil.','2013-12-24 02:39:58'),
('526','26','Et nihil veritatis quasi dolor dolores.','2000-05-10 17:43:04'),
('527','27','Corporis aut non dolor nihil nostrum est.','2001-11-01 17:41:02'),
('528','28','Ut deserunt neque vitae ut.','1997-12-25 18:03:28'),
('529','29','Rerum quos aut minus fugit ut ipsam a odio.','1976-04-05 14:53:50'),
('530','30','Explicabo voluptas aut consequatur necessitatibus expedita consequatur dolor.','1999-05-17 00:06:04'),
('531','31','Voluptatibus rem et omnis ullam voluptas assumenda architecto.','2016-11-03 11:33:17'),
('532','32','Architecto voluptatem consequatur est excepturi praesentium.','1986-12-02 07:14:02'),
('533','33','Qui sint non aperiam.','1970-02-13 05:36:29'),
('534','34','Et veniam totam tempore accusamus quisquam temporibus in incidunt.','1978-06-13 01:37:55'),
('535','35','Illo nostrum ad modi dolores dicta.','1976-09-10 16:23:26'),
('536','36','Cumque dolorem fuga earum et illo commodi.','1973-01-07 16:37:37'),
('537','37','Maxime ullam necessitatibus sed illo occaecati consequatur enim reprehenderit.','2009-08-02 13:40:31'),
('538','38','Ut deleniti autem reiciendis quae.','2016-06-13 08:15:11'),
('539','39','Quod rerum non ad ut animi libero.','2018-06-11 18:11:21'),
('540','40','Veniam porro est nihil a sed.','1982-10-03 01:42:51'),
('541','41','Quis quia voluptate reiciendis eos eligendi.','2012-07-13 16:39:01'),
('542','42','Aut ut modi hic et.','1985-03-11 14:56:54'),
('543','43','Quas consectetur ut et voluptatem laborum.','1979-08-14 04:14:47'),
('544','44','Omnis assumenda quasi maiores a et.','2014-04-25 19:35:51'),
('545','45','Voluptatem quia ea omnis id aut eligendi.','2018-04-04 08:03:20'),
('546','46','Doloribus pariatur dolor cupiditate pariatur explicabo repellendus.','1983-08-02 11:39:50'),
('547','47','Architecto quo et voluptate delectus sed ipsam nihil.','2012-07-05 03:24:29'),
('548','48','Dolores sint aut deserunt corporis corporis eos error magni.','1970-01-18 11:00:04'),
('549','49','Odit voluptatem a quia quaerat consequatur.','1990-11-22 13:43:16'),
('550','50','Minus est quidem aperiam aut enim.','2011-04-27 03:08:12'),
('551','51','Quisquam sit sint rerum aperiam vitae eius.','2002-06-22 03:21:29'),
('552','52','Voluptatem aut tempora dolorem impedit qui ut.','2013-11-28 20:05:54'),
('553','53','Vel ut et iusto debitis.','1970-12-10 18:58:33'),
('554','54','Occaecati debitis ut quas quae repudiandae rerum.','2019-08-18 18:53:52'),
('555','55','Unde maiores distinctio est.','2005-07-25 02:26:19'),
('556','56','Minima sit nam maiores.','2000-03-07 03:13:20'),
('557','57','Suscipit quia sed et enim.','1985-05-11 08:27:52'),
('558','58','Perferendis cupiditate qui et iure.','1993-07-27 13:58:42'),
('559','59','Non ea harum optio.','1994-07-13 12:21:27'),
('560','60','Sed cumque molestiae aspernatur et.','1971-02-21 00:22:13'),
('561','61','Quia omnis quisquam dolorem eveniet voluptatem.','2003-02-19 21:09:31'),
('562','62','Nulla nam aut sit cupiditate maiores velit enim.','2016-07-26 13:06:47'),
('563','63','Blanditiis consectetur ducimus ratione adipisci voluptas sint eius.','1995-09-17 17:32:52'),
('564','64','Earum molestias iure fugiat autem.','1971-09-09 05:01:01'),
('565','65','Beatae mollitia provident illo pariatur accusamus distinctio autem.','2000-11-19 04:48:47'),
('566','66','Quisquam natus autem aspernatur ut aut enim magnam.','1982-09-21 01:05:32'),
('567','67','Saepe sapiente in est vitae ex est.','2000-10-28 13:53:47'),
('568','68','Est quod quia nesciunt quaerat eum ut vitae nobis.','1981-07-11 21:43:05'),
('569','69','Id qui eum veritatis dolor.','1989-12-31 00:46:05'),
('570','70','Alias minus laborum rerum ut consequatur dicta.','2014-12-18 14:29:55'),
('571','71','Id recusandae totam corporis veniam aspernatur temporibus rerum a.','1993-10-17 12:23:40'),
('572','72','Nesciunt laboriosam dolorem quam dolore et rerum sint omnis.','1972-01-21 03:17:00'),
('573','73','Eos incidunt perspiciatis ex repudiandae.','1979-07-10 09:01:12'),
('574','74','Nulla corrupti vitae facere sint animi tempore iusto et.','1984-10-09 06:58:39'),
('575','75','Id enim quas et molestiae molestiae totam molestiae.','1995-03-05 07:51:02'),
('576','76','Quas reprehenderit corrupti aut sed.','1989-06-02 06:44:50'),
('577','77','Voluptas quibusdam iure assumenda et in facilis eligendi.','1999-10-21 12:20:35'),
('578','78','Deleniti ad quis reprehenderit.','2015-03-22 03:35:10'),
('579','79','Et quia architecto distinctio dolor.','2004-04-05 18:49:34'),
('580','80','Ipsam aut id nulla mollitia.','1988-08-30 22:14:52'),
('581','81','Molestias facilis labore et qui libero.','1998-09-17 20:11:03'),
('582','82','Fuga inventore est quod est est culpa.','1976-12-19 05:56:39'),
('583','83','Earum qui iure voluptatum modi eos.','2015-01-13 08:42:47'),
('584','84','Laborum nostrum impedit minus excepturi.','2004-05-08 21:29:10'),
('585','85','Velit est repudiandae suscipit mollitia rerum et.','2001-12-30 14:44:01'),
('586','86','Et temporibus tenetur mollitia sit rerum itaque soluta.','1984-02-03 15:42:19'),
('587','87','Doloremque voluptatibus temporibus provident quidem eos.','1976-01-10 10:01:35'),
('588','88','Officiis voluptatibus velit quo.','1970-05-10 12:04:52'),
('589','89','Qui autem aut numquam.','1989-07-08 12:30:10'),
('590','90','Officiis rerum magnam fuga et cupiditate sit impedit.','1979-10-06 02:56:51'),
('591','91','Repudiandae nihil voluptatem fugit minima veritatis ipsam.','1970-03-31 05:23:08'),
('592','92','Animi aut quam tempore totam vitae atque.','1985-11-25 14:04:17'),
('593','93','Unde beatae libero reprehenderit dolores.','2013-04-07 02:15:28'),
('594','94','Quasi deleniti veritatis aspernatur sequi.','1994-08-28 03:13:38'),
('595','95','Qui doloribus beatae eos qui et.','1972-05-15 12:03:48'),
('596','96','Velit reiciendis dolores aliquam aut.','1971-12-14 07:26:18'),
('597','97','Ad sit ut temporibus explicabo.','1973-09-10 07:43:56'),
('598','98','Qui quia qui iusto.','1989-10-24 05:13:37'),
('599','99','Atque maxime quos ullam quia libero dolorem.','1994-03-01 19:56:37'),
('600','100','Nesciunt quo nisi illum autem nemo qui.','2015-09-25 12:44:23'),
('601','1','Odio a beatae est quidem minima.','2011-05-22 08:44:27'),
('602','2','Itaque facere et dicta sed rerum itaque.','1995-06-24 13:54:04'),
('603','3','Quis ea laboriosam et aut ad.','1986-06-21 07:01:47'),
('604','4','Eum reprehenderit possimus alias nobis aperiam.','1999-11-18 04:17:17'),
('605','5','Aliquam qui doloremque enim veniam quaerat.','1994-07-04 22:57:09'),
('606','6','Ea et tempora aliquam nihil unde repellat.','1982-04-18 15:51:40'),
('607','7','Velit dolore voluptatem et id.','2001-07-07 09:20:26'),
('608','8','Sapiente libero sit quibusdam culpa inventore iure.','2001-08-11 15:13:40'),
('609','9','Facilis id dolorem quia maiores ut quasi neque.','2012-02-23 00:56:51'),
('610','10','Quod accusamus culpa nihil non maxime voluptatem reiciendis non.','1988-12-29 20:36:38'),
('611','11','Voluptatum voluptates et totam pariatur.','1985-09-26 08:08:17'),
('612','12','Quod accusamus repellat ut repudiandae quo adipisci velit.','1986-01-16 10:22:25'),
('613','13','Suscipit sed modi ut voluptatem.','2001-03-26 17:17:42'),
('614','14','Et ut et quia voluptates delectus.','1975-05-21 08:28:42'),
('615','15','Aut ut in explicabo velit est corrupti.','1994-08-06 15:51:03'),
('616','16','Aut sit recusandae voluptas error dolorem sint quia quae.','2005-01-31 17:52:28'),
('617','17','Omnis consectetur voluptas doloremque.','1992-08-28 08:04:15'),
('618','18','Expedita quia sint nulla voluptatem soluta quia.','1978-11-28 13:21:08'),
('619','19','Quod praesentium repellendus qui adipisci nulla animi modi.','1970-01-14 13:58:44'),
('620','20','Iusto voluptate enim ea similique.','1989-06-12 22:42:35'),
('621','21','Alias alias sunt nulla alias sed suscipit ea.','1981-03-06 16:46:38'),
('622','22','Est nemo ab dolor in laudantium non assumenda.','2013-02-07 01:28:05'),
('623','23','Porro odit maxime sunt fuga dolorum.','1998-11-11 11:45:22'),
('624','24','Consequatur qui est quod incidunt nam qui.','1989-10-05 10:18:39'),
('625','25','Earum architecto ea hic et minima optio sint error.','1996-01-22 12:32:21'),
('626','26','Quia reiciendis est hic voluptatem perspiciatis perspiciatis.','1979-01-08 18:03:23'),
('627','27','Maxime sint delectus assumenda.','2007-04-04 23:11:48'),
('628','28','Architecto sunt iusto quo ut magnam sit molestias.','2019-04-02 11:48:40'),
('629','29','Dolore recusandae ipsum eius voluptatem consequuntur.','1987-05-27 15:03:24'),
('630','30','Autem sed nisi beatae veniam.','2011-06-03 10:57:23'),
('631','31','Id nesciunt deserunt aut ad impedit.','1989-06-29 12:51:36'),
('632','32','Nostrum qui error earum voluptates et necessitatibus.','1976-03-03 15:00:52'),
('633','33','Possimus consequatur molestiae veritatis quas enim sit.','1999-05-07 03:24:05'),
('634','34','Sed enim omnis totam sapiente nihil aliquam.','2016-04-10 20:03:33'),
('635','35','Qui aut non eum dignissimos qui.','1977-01-24 21:40:56'),
('636','36','Debitis itaque veniam dolorem beatae.','1995-11-22 20:26:30'),
('637','37','Dolores consequatur recusandae maiores nulla.','2007-04-21 16:58:39'),
('638','38','Temporibus aut maiores voluptas iusto qui sunt.','1997-07-12 20:49:32'),
('639','39','Vel molestias reiciendis facilis.','2014-06-18 14:10:08'),
('640','40','Nostrum rem quisquam reiciendis dolore eum.','2001-05-07 16:23:45'),
('641','41','Sit et perspiciatis quis repudiandae architecto sit.','1975-12-03 15:25:00'),
('642','42','Optio laudantium sed ut aut maxime consequatur deserunt est.','1982-11-21 04:44:26'),
('643','43','Laudantium sunt quia voluptatem eum facere.','2009-04-01 07:40:16'),
('644','44','Dolorum et quos cumque a est sint veritatis.','2011-01-08 21:21:37'),
('645','45','Nesciunt delectus inventore soluta natus saepe.','1978-05-05 15:13:04'),
('646','46','Minima nostrum laboriosam unde et illum.','2017-11-26 21:46:40'),
('647','47','Quia est et et omnis ducimus quam et.','2004-11-25 11:00:24'),
('648','48','Aut sed eum quasi fugiat.','1981-08-22 03:29:48'),
('649','49','Corporis voluptas est animi maxime labore.','2010-03-30 00:19:07'),
('650','50','Qui rerum at possimus optio.','1970-04-12 05:44:55'),
('651','51','Fugit magnam quia voluptatem possimus eos.','1988-07-25 06:52:49'),
('652','52','Unde ullam voluptatibus odit.','1996-07-18 03:40:01'),
('653','53','Deleniti expedita provident et doloremque sunt.','2002-01-27 11:45:48'),
('654','54','Eum commodi debitis quis deserunt ex est est.','2017-12-05 22:57:52'),
('655','55','Quisquam quis consequatur error omnis eos.','1999-06-27 09:50:36'),
('656','56','Et quo et rerum qui qui.','2000-12-12 11:55:30'),
('657','57','Nostrum vel accusamus aut beatae velit.','2017-02-08 09:48:02'),
('658','58','Quia iure odit repellendus reiciendis unde.','1998-10-09 14:36:14'),
('659','59','Autem reprehenderit nihil minus aut officia omnis qui.','1970-08-15 10:58:37'),
('660','60','Culpa non quo debitis nemo.','2016-10-18 19:49:07'),
('661','61','Facere qui a deleniti adipisci et labore voluptas.','2004-03-04 20:41:16'),
('662','62','Error beatae aspernatur eveniet ea autem sequi.','2017-05-30 13:21:26'),
('663','63','Architecto voluptatem nemo saepe asperiores.','1970-03-02 15:39:26'),
('664','64','Dolores id consequatur aspernatur qui quae.','2013-09-18 16:33:04'),
('665','65','Quisquam maiores et totam saepe tempora et.','2014-09-24 17:02:44'),
('666','66','Qui velit ipsam sit dolorum dolores nisi laudantium.','2009-09-20 08:50:26'),
('667','67','Ut mollitia voluptas odio rerum ut.','2017-08-23 19:48:28'),
('668','68','Reiciendis sit quam soluta quis.','2010-02-13 01:00:42'),
('669','69','Tempore saepe laudantium optio eos.','1979-05-23 14:58:04'),
('670','70','Ipsa rerum placeat delectus illum perferendis a earum.','2016-10-29 09:30:30'),
('671','71','Et magni sapiente aut reiciendis iste libero.','1979-11-17 20:33:45'),
('672','72','Maxime qui qui unde.','1983-01-30 07:48:20'),
('673','73','Corporis nobis et error recusandae.','1986-03-26 11:44:45'),
('674','74','Voluptate voluptate ipsum velit et rerum veniam.','1978-08-13 19:34:17'),
('675','75','Aut et est ut.','2001-12-27 02:52:16'),
('676','76','Eligendi ea illum rerum officiis aut perferendis.','1989-05-13 03:26:40'),
('677','77','Tempora quis cumque accusamus.','1974-11-09 10:47:58'),
('678','78','Est iusto adipisci eum nobis.','1988-05-29 17:01:02'),
('679','79','Nihil error ex eos sed.','1991-06-06 05:18:10'),
('680','80','Est ut officia omnis aspernatur et dicta voluptatem.','1989-06-19 10:27:42'),
('681','81','Assumenda ut incidunt sit quia nesciunt ut.','1976-10-02 09:06:36'),
('682','82','Rerum praesentium magni laudantium sapiente mollitia.','2009-08-09 03:50:53'),
('683','83','Consequatur eveniet nihil voluptatem fugit voluptas.','1999-03-14 04:52:07'),
('684','84','Et odio officiis consequatur aut ullam explicabo velit.','1975-03-13 02:31:20'),
('685','85','Consequuntur reprehenderit architecto asperiores est provident qui omnis corrupti.','1995-10-21 03:18:11'),
('686','86','Et et dolorem earum fuga magni enim fuga.','1990-05-02 05:45:27'),
('687','87','Repudiandae ea aut perspiciatis ipsum inventore.','1976-04-08 05:48:49'),
('688','88','Quae consectetur assumenda ea ipsa.','2019-10-15 13:53:11'),
('689','89','Eius fugit reprehenderit soluta eius aut dolore.','1972-06-18 05:31:28'),
('690','90','Sunt laborum esse corrupti eum illum.','2011-12-31 09:57:36'),
('691','91','Ullam nam ut aliquam qui delectus maxime dolores.','2010-01-08 14:41:19'),
('692','92','Qui voluptatem sint qui qui ut eos omnis.','1991-08-09 20:20:52'),
('693','93','Consectetur molestiae aut nihil magnam voluptatibus repellat neque.','2019-09-05 10:33:16'),
('694','94','Voluptas quia placeat quo.','1999-09-24 21:16:34'),
('695','95','Accusantium est beatae officiis ut.','2013-11-18 09:30:13'),
('696','96','Rerum provident quia architecto.','2002-07-22 19:02:36'),
('697','97','Accusantium et quo sed tempora qui voluptas.','2006-08-15 19:01:38'),
('698','98','Expedita provident sit quasi enim pariatur vel.','2000-12-05 11:10:58'),
('699','99','Officiis blanditiis perferendis in illum dolorem aliquid.','2004-03-19 09:45:53'),
('700','100','Ipsa laudantium dolor molestiae illum cupiditate corporis ut.','1973-07-09 22:23:39'),
('701','1','Perferendis repellat amet facilis quam quis saepe ad.','2012-07-26 16:11:22'),
('702','2','Deleniti et quos minima in nostrum consectetur omnis eum.','1978-06-11 13:50:30'),
('703','3','Debitis sed eos corporis velit est quis qui.','2014-06-30 03:37:13'),
('704','4','Aut et eum architecto.','1987-02-03 00:55:35'),
('705','5','Quos iusto quia ut quis.','1973-11-26 15:00:20'),
('706','6','Expedita quo nihil dignissimos enim sit alias officia.','2008-04-04 06:55:09'),
('707','7','Nihil officia hic sint facilis sapiente quia.','1974-01-21 12:05:21'),
('708','8','Et quae optio enim maxime porro quisquam omnis.','1988-12-23 08:35:13'),
('709','9','Ut labore eaque consectetur sit.','2018-03-15 01:05:46'),
('710','10','Officiis quia ut et id.','1974-09-19 21:17:15'),
('711','11','Nihil consequatur deserunt rerum voluptatum amet quisquam.','2001-05-12 19:36:01'),
('712','12','Nisi vel exercitationem nisi omnis.','1978-03-14 07:16:27'),
('713','13','Aut numquam a voluptas laudantium labore doloribus.','1983-04-23 08:56:20'),
('714','14','Aut temporibus sed neque sunt hic iure quos minima.','1985-05-04 04:14:21'),
('715','15','Qui a qui ipsum quaerat error.','1979-08-15 08:08:40'),
('716','16','Maxime et dolorem est et.','1972-02-01 16:44:03'),
('717','17','Voluptatum voluptatum eum et quis quis saepe.','2016-12-06 10:20:17'),
('718','18','Maxime soluta ut laborum qui.','1996-01-08 08:06:42'),
('719','19','Officia ut quam qui quis est id sed.','2002-03-13 07:46:53'),
('720','20','Sint et quis omnis ea aut at odio.','2000-01-12 07:34:05'),
('721','21','Cupiditate pariatur ut perferendis ut id cumque dolorem.','2005-12-28 02:12:23'),
('722','22','Ut cumque nesciunt sit recusandae.','1988-11-28 18:05:42'),
('723','23','Nam commodi eos unde quas hic error.','1993-01-16 04:28:45'),
('724','24','Accusamus ut eveniet voluptatem repellendus error voluptatem natus.','1979-01-15 21:26:05'),
('725','25','Aut dolor voluptas vel quo sed porro illum.','1990-08-03 10:34:32'),
('726','26','Consequatur asperiores non illo atque.','1988-05-20 20:26:25'),
('727','27','Nemo dicta deleniti sit odio commodi eos iusto voluptatem.','2000-02-04 00:42:06'),
('728','28','Quis illum illum non explicabo.','2012-03-10 13:55:48'),
('729','29','Dolorem nam accusantium natus totam aspernatur alias molestiae.','1984-03-25 04:31:24'),
('730','30','Et quisquam dolore et ea repudiandae.','1983-06-14 02:20:48'),
('731','31','Voluptates alias natus non blanditiis praesentium dolores aut.','2018-05-29 21:20:15'),
('732','32','Rerum magni amet consequatur expedita.','1992-12-22 14:59:04'),
('733','33','Quia est qui eaque praesentium eos.','2002-06-25 17:41:18'),
('734','34','Placeat tenetur minima qui.','1989-04-04 09:38:29'),
('735','35','Quae sed omnis sunt quasi nemo sunt.','1994-05-25 09:32:50'),
('736','36','Quae aut non a labore quis et.','1981-04-17 15:33:28'),
('737','37','Nobis blanditiis voluptate excepturi veritatis expedita quos.','1988-01-30 23:20:38'),
('738','38','Temporibus ea facere error dolores maxime.','2002-09-08 03:02:51'),
('739','39','Asperiores illum quas recusandae beatae et.','2004-04-29 06:45:59'),
('740','40','Officiis praesentium rerum et nulla ullam.','1977-02-11 23:11:48'),
('741','41','Accusantium qui nulla labore quas est ut corporis.','1980-12-09 18:53:18'),
('742','42','Quos ratione quam eveniet vero labore dolorem.','2009-11-13 14:15:42'),
('743','43','Cupiditate labore ut qui est labore.','2013-07-07 06:07:22'),
('744','44','Libero sint et dolor facere exercitationem reiciendis aperiam.','2007-09-15 07:01:13'),
('745','45','Est aut id nihil ducimus maxime non velit.','1994-05-07 13:43:47'),
('746','46','Vero praesentium sequi accusantium ut voluptas labore deleniti itaque.','2018-08-22 14:36:22'),
('747','47','Tempore fuga repellat optio enim nam accusantium.','2006-03-26 09:22:54'),
('748','48','Et quas aliquam illo voluptates perspiciatis.','1997-01-29 02:45:58'),
('749','49','Sed delectus laborum aperiam dolore officia animi.','2000-01-31 11:12:53'),
('750','50','Repudiandae deserunt et illo.','2011-05-01 18:01:09'),
('751','51','Sed ratione eveniet soluta animi ex consequuntur eum.','1972-05-28 21:45:06'),
('752','52','Eum repellendus maiores ipsa voluptatum soluta est.','1972-11-21 12:04:44'),
('753','53','Nostrum voluptate beatae eaque ut maiores eum dolorem omnis.','1991-09-24 14:57:27'),
('754','54','Cupiditate consequatur quae maxime cum soluta et quisquam velit.','2014-10-09 02:48:53'),
('755','55','Recusandae ut a reprehenderit illo odio.','2006-04-17 09:47:03'),
('756','56','Corrupti recusandae placeat error animi excepturi reiciendis corrupti.','1970-11-09 10:44:33'),
('757','57','Perferendis ut eos eos dicta aliquid rerum.','1990-06-29 16:38:36'),
('758','58','Corporis qui accusamus commodi id dolorum et.','2009-12-29 16:18:42'),
('759','59','Dolor dolores dicta possimus eius sit id ipsum repellat.','1977-05-03 01:33:04'),
('760','60','Aperiam totam eos velit et sit sed et ab.','1986-07-17 02:24:12'),
('761','61','Aperiam voluptas ut eius.','2007-02-19 05:21:18'),
('762','62','Cum nulla modi autem veniam voluptatibus.','2016-08-28 06:35:27'),
('763','63','Quas animi alias ex officiis reprehenderit consequatur.','1997-08-08 07:48:19'),
('764','64','Magnam dicta libero et natus.','1977-07-26 14:15:52'),
('765','65','Labore recusandae dolores numquam animi nemo qui sunt.','1982-01-08 15:35:03'),
('766','66','Velit error provident eligendi quam.','2003-05-23 21:47:43'),
('767','67','Consequuntur distinctio et molestiae velit totam at est.','1980-07-04 21:29:40'),
('768','68','Dignissimos provident numquam sunt alias.','1976-12-28 02:14:39'),
('769','69','Et repellendus ipsam minima dolor id ducimus.','1977-05-16 04:51:02'),
('770','70','Dolores qui molestiae laboriosam in quia corrupti molestias facere.','2005-07-08 23:34:25'),
('771','71','Id vel quidem nostrum quam quo incidunt nihil.','1995-08-02 11:19:19'),
('772','72','Delectus omnis voluptates nihil sit in dolores.','1976-03-24 01:55:15'),
('773','73','Dolorem sed reprehenderit et qui voluptate consequuntur porro error.','1992-06-22 09:43:12'),
('774','74','Reiciendis ipsum ipsa doloribus ut enim sit.','1996-02-15 21:19:38'),
('775','75','Sed perferendis voluptates aut quaerat eaque sint asperiores.','2008-08-07 09:08:47'),
('776','76','Eaque labore asperiores illo quam corrupti.','1999-07-25 10:20:18'),
('777','77','Et iste voluptates odio voluptates.','2011-07-29 21:03:17'),
('778','78','Aut et ex nulla pariatur aut.','2019-10-16 17:59:19'),
('779','79','Quia nobis maxime perspiciatis quibusdam exercitationem.','1979-02-14 20:54:04'),
('780','80','Officia aperiam soluta voluptas molestiae veritatis.','1983-06-20 17:38:01'),
('781','81','Et minus illo doloremque quae neque illum.','1975-11-16 02:54:08'),
('782','82','Dolores quia impedit nisi quia vitae quisquam nisi.','1977-05-25 18:28:55'),
('783','83','Magni et magnam eius labore quia.','2001-04-30 19:23:31'),
('784','84','Dolorum sapiente expedita alias consequatur sed.','1988-08-31 21:49:14'),
('785','85','Magni voluptas est non excepturi.','2004-02-18 10:06:43'),
('786','86','Sequi quos animi maiores sint.','1999-03-30 10:50:04'),
('787','87','Consequatur natus laborum asperiores ullam aut.','1986-10-12 21:10:36'),
('788','88','Et odit pariatur consequatur enim quisquam tempore.','1979-09-26 01:04:35'),
('789','89','Et voluptatum quod sint qui.','1991-06-24 14:17:43'),
('790','90','Aut expedita sed blanditiis in aliquid accusantium enim voluptas.','2004-11-06 05:09:43'),
('791','91','Natus impedit ea quam.','1988-09-21 11:19:08'),
('792','92','Enim ipsum eos dolorum qui expedita.','1983-10-16 12:36:20'),
('793','93','Ea architecto recusandae eos cupiditate.','2016-06-06 08:04:03'),
('794','94','Ea nihil nobis fugiat vero aut dolorem.','1998-04-13 08:08:04'),
('795','95','Ad et illo magnam.','2011-05-27 14:50:17'),
('796','96','Voluptas et consequatur et at molestiae.','2007-07-08 01:51:02'),
('797','97','Quo et officia cumque qui consectetur ut ex.','1984-09-26 01:12:51'),
('798','98','Aut iure corrupti non qui ducimus.','2009-03-12 11:12:21'),
('799','99','Dolores repudiandae blanditiis laboriosam nemo rerum expedita enim sunt.','1976-06-30 04:24:08'),
('800','100','Atque ipsa officia ad esse accusamus in.','1995-04-24 12:55:58'),
('801','1','Perferendis nihil magnam consectetur neque modi maiores.','2004-03-14 07:45:28'),
('802','2','Id et explicabo illo.','1999-01-15 06:25:49'),
('803','3','Fuga molestiae tempora et.','1975-11-26 10:56:17'),
('804','4','Non inventore in omnis commodi odio.','1979-01-26 12:00:42'),
('805','5','Dolores dolor sint impedit ut.','1979-05-11 21:13:50'),
('806','6','Eos dolore ea cum assumenda iste.','1999-07-02 20:59:48'),
('807','7','Ut dolorum qui earum magni itaque sit.','1985-02-12 22:11:19'),
('808','8','Dolore quibusdam a minus.','2003-03-26 07:24:37'),
('809','9','Inventore quidem quo ea autem fugiat.','1976-06-03 05:17:17'),
('810','10','Aut et odit ipsa nam.','1975-06-18 04:08:21'),
('811','11','Doloribus et magni sequi quia.','1979-02-18 19:21:55'),
('812','12','Doloribus deleniti et id quia necessitatibus quo magni.','1976-10-05 23:46:56'),
('813','13','Repellendus cumque ducimus ut optio illo et omnis.','1977-07-11 01:24:56'),
('814','14','Quis rerum voluptate ut accusantium neque consequatur aperiam.','1991-03-01 15:19:39'),
('815','15','Et fuga consequuntur natus laboriosam tenetur.','1988-07-21 01:25:26'),
('816','16','Et qui veniam nihil quis minus praesentium aut.','1972-01-27 21:40:31'),
('817','17','Voluptate est sed rem corporis esse ipsum.','2005-07-06 17:13:01'),
('818','18','Et et magnam repudiandae et sit repudiandae.','2003-07-14 10:49:05'),
('819','19','Similique qui id veritatis aut vero aut.','1991-11-21 10:25:21'),
('820','20','Et consequatur dolorem expedita aliquam qui unde odio.','1972-02-16 10:59:05'),
('821','21','Totam esse fugiat dolorum dolores aut id nisi.','1977-11-30 23:45:39'),
('822','22','Eum et quo corrupti repellat asperiores aut.','1990-04-23 11:51:31'),
('823','23','Laboriosam quia ducimus suscipit in sit.','2016-06-29 02:37:06'),
('824','24','Vero laudantium veritatis earum.','1984-02-16 03:53:39'),
('825','25','Voluptatem et et harum maiores voluptatibus.','1989-05-14 15:12:50'),
('826','26','Et ut et dolore perspiciatis.','1997-08-18 20:03:20'),
('827','27','Harum perferendis quasi est nesciunt quibusdam voluptate ab.','1979-09-09 12:41:46'),
('828','28','Eos doloribus sit vitae est culpa unde.','1990-03-31 19:04:57'),
('829','29','Culpa ratione sit in praesentium dolorum quam.','2013-08-11 22:49:31'),
('830','30','Qui non minima qui.','1987-11-17 00:01:31'),
('831','31','Rem voluptatem aut dicta est hic velit.','1998-06-19 03:48:32'),
('832','32','Ullam sint ratione iste laudantium consectetur.','1991-05-01 12:17:52'),
('833','33','Laudantium ea et nam ullam quo aut officia.','1971-09-02 10:37:08'),
('834','34','Dolorem repellendus est aliquam aspernatur architecto qui.','1992-05-11 04:54:07'),
('835','35','Qui animi molestiae dolores labore rerum ipsam perferendis.','2019-06-27 09:39:41'),
('836','36','Quisquam consequatur mollitia alias sequi in repudiandae animi.','1987-11-28 21:19:13'),
('837','37','Corrupti maxime nostrum unde nostrum rem sint quis.','1980-11-24 21:14:24'),
('838','38','Aspernatur iste nemo minus id.','2000-09-10 09:12:50'),
('839','39','Sint recusandae aut et aut consectetur nostrum facilis.','1974-04-05 15:11:24'),
('840','40','Ut magni maxime sint suscipit nobis.','2002-03-13 23:54:29'),
('841','41','Voluptatem esse at ipsa dolores beatae ex et.','2019-07-19 18:44:02'),
('842','42','Vitae pariatur autem quas quasi.','2004-08-02 23:54:52'),
('843','43','Occaecati soluta qui non dolorem.','2000-07-20 16:52:10'),
('844','44','Odio laboriosam sint natus et ut deleniti.','2002-07-23 13:52:15'),
('845','45','Debitis id aperiam unde alias eum et.','1973-05-26 09:53:41'),
('846','46','Facere libero atque sint quia.','1976-11-11 04:58:31'),
('847','47','Ad hic possimus et qui mollitia consequatur nihil dignissimos.','2005-05-08 05:10:21'),
('848','48','Facere dolorum at qui dolore id qui inventore.','1999-11-01 14:32:07'),
('849','49','Sit sed consequatur exercitationem voluptatem.','2003-04-09 17:02:02'),
('850','50','Nobis rem quos deserunt quae fugit.','2016-07-09 22:43:00'),
('851','51','Blanditiis voluptatum et corporis.','1981-12-13 22:29:59'),
('852','52','Recusandae sed rerum qui qui.','1983-05-11 15:22:34'),
('853','53','Ex molestiae nostrum voluptatem ea non aut.','1970-11-28 13:40:10'),
('854','54','Rerum voluptas consequuntur nemo fugit dicta atque.','2014-01-10 22:44:00'),
('855','55','Eos dolorem tempora commodi aut dolorum quasi facilis.','2013-05-01 22:35:08'),
('856','56','Aliquam mollitia consequatur nam.','1999-03-02 00:59:21'),
('857','57','Temporibus sit enim asperiores labore recusandae eveniet.','2003-12-24 01:33:56'),
('858','58','In assumenda ut adipisci alias corporis ea.','1979-03-15 18:43:53'),
('859','59','Quae dignissimos doloribus commodi est tempora dolores.','2017-07-19 00:29:13'),
('860','60','Nesciunt facilis quia voluptatem repudiandae ab culpa.','1977-10-10 11:12:31'),
('861','61','Excepturi reiciendis saepe est et possimus facere quos.','2019-05-08 05:28:00'),
('862','62','Perferendis voluptatibus corrupti itaque totam.','1982-08-04 07:47:19'),
('863','63','Porro eveniet incidunt quia placeat optio repellendus.','1987-07-21 19:44:10'),
('864','64','Iusto est voluptatem voluptatum dignissimos quia sint consequuntur id.','1985-03-11 16:28:34'),
('865','65','Et est facere culpa qui rem.','1991-01-25 00:05:11'),
('866','66','Autem odit ut nihil optio repellat consequatur.','2001-05-24 16:44:28'),
('867','67','Aperiam occaecati iure saepe illo nemo corporis.','2011-11-01 22:01:04'),
('868','68','Autem non dicta enim qui possimus maiores pariatur.','1973-09-06 23:48:47'),
('869','69','Vel sit sequi quia numquam aut totam.','1999-05-02 09:43:01'),
('870','70','Beatae ducimus reiciendis enim rem distinctio nobis.','1975-07-04 13:20:09'),
('871','71','Ratione labore eligendi dignissimos similique.','1978-08-05 00:29:52'),
('872','72','Explicabo rerum voluptatem qui reiciendis rem eum ipsam et.','1986-06-15 07:13:15'),
('873','73','Voluptate non dolor consectetur blanditiis.','1979-06-21 16:58:11'),
('874','74','Perspiciatis similique voluptatem vitae quo blanditiis.','1993-08-16 13:44:47'),
('875','75','Ratione inventore aliquam ab ut explicabo deleniti.','1979-12-16 15:39:48'),
('876','76','Voluptas maiores commodi quia odio temporibus delectus.','1982-09-05 05:37:37'),
('877','77','Nihil cupiditate nemo consequatur et eos accusantium qui et.','2019-10-23 04:27:51'),
('878','78','Labore voluptatibus voluptatem qui dolorem recusandae beatae.','2011-01-14 17:48:50'),
('879','79','Qui rerum magnam similique dolores voluptatem recusandae.','1995-06-03 18:26:06'),
('880','80','Enim quia voluptas illo dolor est rerum.','1980-05-05 18:40:22'),
('881','81','Sed saepe sit et non quaerat qui occaecati.','2000-02-03 16:13:03'),
('882','82','Vitae autem veritatis modi ratione.','1970-03-04 19:24:39'),
('883','83','Deserunt esse quaerat ducimus quisquam odio qui.','1981-03-21 11:17:57'),
('884','84','Voluptatem sunt quas labore.','2019-02-18 03:39:16'),
('885','85','Unde et earum et repudiandae consectetur alias.','2017-08-17 07:38:36'),
('886','86','Voluptatem magnam architecto architecto delectus ex.','1990-02-06 07:41:03'),
('887','87','Est repellat similique laborum iure doloribus amet.','1993-03-10 15:28:19'),
('888','88','Id nobis omnis numquam ut incidunt praesentium et doloremque.','2007-07-03 03:22:56'),
('889','89','Cumque et voluptatem nobis accusamus reprehenderit quia eum.','1979-01-12 15:36:34'),
('890','90','Nostrum et et ut aut aut tenetur.','2014-03-28 01:06:33'),
('891','91','Aut atque labore accusantium ratione.','1988-04-27 15:00:48'),
('892','92','Nulla unde impedit iste est.','1993-05-28 21:58:02'),
('893','93','Odio dolorem soluta culpa error.','2001-08-21 15:04:12'),
('894','94','Quia voluptatem dolore voluptatibus maxime magni.','1992-09-21 00:43:20'),
('895','95','Nihil omnis facilis placeat.','1987-05-13 16:48:57'),
('896','96','Quae amet voluptatem similique vel et in quis perferendis.','1971-12-31 08:15:09'),
('897','97','Nobis eos repudiandae ipsa et esse.','2006-01-22 22:17:59'),
('898','98','Placeat quo veritatis totam est est.','1984-09-19 19:28:50'),
('899','99','Itaque voluptatibus libero nisi delectus laborum nostrum aut.','1980-02-02 09:23:19'),
('900','100','Nihil saepe explicabo excepturi.','2005-10-12 20:56:16'),
('901','1','Quasi consectetur et assumenda porro.','2002-04-05 08:21:49'),
('902','2','Consequatur doloremque libero quibusdam autem autem voluptatem odio.','1990-12-09 13:41:24'),
('903','3','Voluptas animi labore et ut sed odio.','1979-07-30 21:03:47'),
('904','4','Amet numquam deleniti et.','1987-11-24 23:00:49'),
('905','5','Voluptas ratione odit rerum officiis voluptates.','2010-10-07 04:35:50'),
('906','6','Tempore aut commodi quasi odit qui necessitatibus magni.','2004-02-14 21:32:18'),
('907','7','Quis aspernatur dolores minus asperiores reprehenderit sit qui.','2001-06-14 12:47:00'),
('908','8','Omnis inventore consectetur veniam voluptatum culpa nisi.','2000-01-14 04:07:11'),
('909','9','Ratione asperiores aut sunt doloribus.','2019-10-07 16:46:51'),
('910','10','Voluptatem assumenda et quod deleniti ut velit animi.','1976-08-01 15:13:16'),
('911','11','Et tenetur nihil delectus eum magnam inventore voluptatem.','2008-01-12 04:32:39'),
('912','12','Eaque cum sunt iste aut.','1994-11-15 04:34:40'),
('913','13','Fugiat ut et et odit doloribus exercitationem dicta.','1976-07-21 20:56:57'),
('914','14','Rerum iste distinctio reprehenderit eum.','2001-11-27 18:48:27'),
('915','15','Qui sed sint aut.','1999-05-14 06:52:13'),
('916','16','Totam quod porro dignissimos.','2009-08-13 02:08:39'),
('917','17','Eum quia ex quibusdam sint.','1971-12-25 00:48:49'),
('918','18','Dolorem ut non magnam in rerum facere nihil.','1987-10-06 16:37:29'),
('919','19','Ipsum minima voluptas ut consequatur voluptatibus vero.','2009-08-15 18:37:54'),
('920','20','Dicta amet eaque fuga minus dolore.','1975-05-31 11:48:30'),
('921','21','Aliquam voluptas et vel voluptate recusandae pariatur vero.','1988-06-05 20:25:48'),
('922','22','Maxime ipsum reprehenderit tempore.','1983-10-05 04:20:30'),
('923','23','Qui quaerat exercitationem saepe est culpa voluptatem dolorem.','1970-08-17 08:29:39'),
('924','24','Eum optio animi et veritatis.','1976-03-17 07:32:24'),
('925','25','Architecto fugit perferendis adipisci esse.','1973-05-11 04:31:35'),
('926','26','Ut inventore iure delectus.','1983-08-20 18:58:05'),
('927','27','Qui ab repellat minima soluta.','1991-09-11 16:27:46'),
('928','28','Non reprehenderit ex enim qui nesciunt consequatur.','2009-04-10 09:02:12'),
('929','29','Ex accusamus aliquid ea.','2003-11-02 16:34:40'),
('930','30','Atque earum qui alias sequi quibusdam.','1975-05-21 17:00:13'),
('931','31','Dicta beatae aspernatur qui tenetur.','1981-06-27 04:10:59'),
('932','32','Magnam nulla consequuntur et provident odit sed excepturi.','1974-03-18 21:18:03'),
('933','33','Atque quia soluta velit laudantium.','1989-10-09 03:07:52'),
('934','34','Voluptatem cum natus praesentium consequuntur assumenda.','1978-08-03 08:00:27'),
('935','35','Officiis nihil illo et quia voluptatem et facilis.','2012-02-21 17:29:41'),
('936','36','Autem qui sed et fuga.','1993-06-02 14:08:48'),
('937','37','Explicabo et numquam aut ipsum id deserunt.','1970-10-20 12:51:28'),
('938','38','Illo voluptatibus natus error amet facere ipsa.','1970-01-05 20:17:27'),
('939','39','Et suscipit ipsam ab fuga odio.','2016-07-20 09:01:34'),
('940','40','Aliquam eum rerum rerum.','2018-11-16 11:36:51'),
('941','41','Sapiente reprehenderit nesciunt nostrum eius corporis.','1996-06-19 11:30:38'),
('942','42','Culpa voluptates alias repudiandae cupiditate non.','1981-04-19 18:12:46'),
('943','43','Odit voluptates saepe voluptas exercitationem voluptatem.','1979-03-24 10:04:32'),
('944','44','Repellendus voluptate ipsam repellendus totam.','1978-09-22 08:00:02'),
('945','45','Blanditiis deserunt tempore sint distinctio non enim ab.','1971-09-26 01:11:57'),
('946','46','Ad ad atque eveniet ducimus.','2008-04-13 01:31:54'),
('947','47','Est doloremque ullam perspiciatis quaerat rerum.','1986-02-12 23:17:18'),
('948','48','Vel amet iusto nihil.','1972-12-25 22:13:41'),
('949','49','Est iusto laudantium nobis quis soluta dicta.','1990-08-23 20:10:19'),
('950','50','Repudiandae similique ut rerum et dolorem.','1974-03-03 23:50:34'),
('951','51','Laudantium voluptatibus est dolorum.','1992-07-30 04:26:32'),
('952','52','Provident inventore velit aut voluptas.','2003-01-27 12:18:50'),
('953','53','Error voluptatem doloribus quos incidunt ab autem.','1990-12-14 02:32:50'),
('954','54','Sint enim accusamus excepturi exercitationem.','2019-02-17 22:00:34'),
('955','55','Nemo voluptatum dolor repellendus fugit.','1980-04-19 02:06:48'),
('956','56','Repellat soluta omnis est voluptate harum et.','1982-09-01 17:33:06'),
('957','57','Non necessitatibus hic tempora natus laborum.','1996-05-01 07:36:59'),
('958','58','Dolor necessitatibus quisquam minus et dignissimos qui quia alias.','2004-11-27 04:07:11'),
('959','59','Suscipit aliquid aut rerum aperiam qui dolorem maiores sit.','1987-07-27 10:37:58'),
('960','60','Omnis eligendi sunt ut necessitatibus.','2016-01-31 10:07:02'),
('961','61','Vitae et aut laboriosam repellendus.','2011-02-03 03:11:00'),
('962','62','Officiis ut sit dolorem possimus voluptatibus reiciendis quae ipsam.','1988-06-02 23:38:10'),
('963','63','Laboriosam eligendi suscipit repellat repellendus molestiae repudiandae doloremque.','1989-02-07 15:53:28'),
('964','64','Voluptates enim maiores similique voluptatibus corporis ut ducimus.','1992-06-12 07:54:24'),
('965','65','Maiores ducimus magnam et qui pariatur.','1980-10-05 11:40:25'),
('966','66','Eos quia qui in facere quis ex earum.','1984-05-25 19:41:54'),
('967','67','Placeat sunt hic sunt quaerat autem et qui.','1978-07-28 15:49:09'),
('968','68','Enim consectetur nihil qui debitis ut autem mollitia.','1997-07-17 18:02:02'),
('969','69','Et repellendus illo veniam et.','1984-10-14 07:41:21'),
('970','70','Placeat consectetur itaque placeat enim quo molestiae.','1985-08-28 18:53:26'),
('971','71','Nisi voluptatum in non non.','2005-01-31 05:48:30'),
('972','72','Officia et ut et doloremque eum ipsam quasi.','2014-04-06 03:57:27'),
('973','73','Ex aliquam dolorem porro similique distinctio consequatur eum molestiae.','1984-11-22 16:49:20'),
('974','74','Aut et inventore ut.','1972-03-16 02:08:14'),
('975','75','Vel ut est dolores enim nostrum aut.','1995-08-07 07:24:42'),
('976','76','Enim commodi voluptatum id qui occaecati eveniet.','2004-11-07 08:12:46'),
('977','77','Tenetur dolores consequatur natus assumenda accusamus maiores.','2009-09-19 12:16:41'),
('978','78','Mollitia maxime maiores temporibus rem.','2000-11-25 13:13:14'),
('979','79','Quo pariatur qui rerum deserunt.','2004-09-04 03:36:18'),
('980','80','Blanditiis maiores nulla consequatur reiciendis eum culpa et.','2019-07-07 19:11:55'),
('981','81','Non non molestias quas temporibus placeat.','1993-09-17 22:55:34'),
('982','82','Est quisquam fugiat voluptate quasi placeat tempore.','2004-09-28 20:09:11'),
('983','83','Exercitationem eius voluptatibus incidunt praesentium fuga ipsum consequatur.','1993-02-14 01:10:22'),
('984','84','Voluptatum numquam nemo quam ea soluta debitis velit quasi.','2016-11-20 21:38:43'),
('985','85','Repellendus pariatur a architecto debitis.','1973-07-16 09:59:37'),
('986','86','Et dignissimos id quia dolorum consequatur ab.','1993-08-09 22:20:54'),
('987','87','Ad aut adipisci ut aut numquam laborum.','1986-01-15 18:56:01'),
('988','88','Voluptatem accusamus fuga id ex libero aut.','1995-10-29 18:22:29'),
('989','89','Esse et sed sapiente vitae vitae.','1995-05-29 04:31:54'),
('990','90','Neque consequuntur vel voluptate a aut.','1999-11-30 07:46:54'),
('991','91','Totam qui non labore atque hic sint.','1980-03-03 07:37:45'),
('992','92','Ut sed aut beatae rerum quia cumque cumque sit.','1990-11-11 22:10:12'),
('993','93','Odio reiciendis quos aut necessitatibus.','1973-11-26 20:56:51'),
('994','94','Molestiae magni officiis sunt dolor.','1994-04-28 23:51:06'),
('995','95','Earum et sint deserunt modi atque rerum.','1981-06-16 08:51:09'),
('996','96','Cumque corporis natus quaerat ad rem iste.','1986-04-07 20:32:44'),
('997','97','Nostrum eveniet sint repellendus quos aspernatur nihil harum.','1992-10-27 14:47:26'),
('998','98','Animi sapiente eveniet magni.','1987-12-18 03:21:47'),
('999','99','Libero est pariatur natus explicabo enim architecto.','2006-09-11 06:58:07'),
('1000','100','Inventore sint ipsum at accusamus.','1985-01-01 22:57:30'); 



drop table if exists watch_later;
create table watch_later (
	user_id bigint unsigned not null,
	video_id bigint unsigned not null,
	
	primary key (user_id, video_id),
	foreign key (user_id) references users(id),
	foreign key (video_id) references videos(id)
);



INSERT INTO `watch_later` VALUES ('1','1'),
('2','2'),
('3','3'),
('4','4'),
('5','5'),
('6','6'),
('7','7'),
('8','8'),
('9','9'),
('10','10'),
('11','11'),
('12','12'),
('13','13'),
('14','14'),
('15','15'),
('16','16'),
('17','17'),
('18','18'),
('19','19'),
('20','20'),
('21','21'),
('22','22'),
('23','23'),
('24','24'),
('25','25'),
('26','26'),
('27','27'),
('28','28'),
('29','29'),
('30','30'),
('31','31'),
('32','32'),
('33','33'),
('34','34'),
('35','35'),
('36','36'),
('37','37'),
('38','38'),
('39','39'),
('40','40'),
('41','41'),
('42','42'),
('43','43'),
('44','44'),
('45','45'),
('46','46'),
('47','47'),
('48','48'),
('49','49'),
('50','50'),
('51','51'),
('52','52'),
('53','53'),
('54','54'),
('55','55'),
('56','56'),
('57','57'),
('58','58'),
('59','59'),
('60','60'),
('61','61'),
('62','62'),
('63','63'),
('64','64'),
('65','65'),
('66','66'),
('67','67'),
('68','68'),
('69','69'),
('70','70'),
('71','71'),
('72','72'),
('73','73'),
('74','74'),
('75','75'),
('76','76'),
('77','77'),
('78','78'),
('79','79'),
('80','80'),
('81','81'),
('82','82'),
('83','83'),
('84','84'),
('85','85'),
('86','86'),
('87','87'),
('88','88'),
('89','89'),
('90','90'),
('91','91'),
('92','92'),
('93','93'),
('94','94'),
('95','95'),
('96','96'),
('97','97'),
('98','98'),
('99','99'),
('100','100'); 

